step,type,amount,nameOrig,oldbalanceOrg,newbalanceOrig,nameDest,oldbalanceDest,newbalanceDest,isFraud,isFlaggedFraud
1,CASH_OUT,7725.11,C116070,17067.46,9342.35,C520922,16527.66,24252.77,0,0
1,DEBIT,20649.88,C421259,39532.19,18882.31,C935313,48123.31,68773.19,0,0
1,CASH_OUT,13879.51,C754243,26785.81,12906.3,C480360,14409.78,28289.29,0,0
1,DEBIT,8560.19,C634071,12227.48,3667.29,C361125,47442.95,56003.14,0,0
1,PAYMENT,18534.2,C457599,24678.89,6144.69,M904719,3753.67,22287.87,0,0
2,PAYMENT,4215.51,C213014,12254.41,8038.9,M550847,17873.23,22088.74,0,0
2,TRANSFER,14722.8,C514311,32830.45,18107.65,C355355,19465.16,34187.96,0,0
2,DEBIT,22882.27,C453403,57730.31,34848.04,C242130,1768.16,24650.43,0,0
3,DEBIT,2095.16,C642060,4771.97,2676.81,C164451,7277.09,9372.25,0,0
3,TRANSFER,4727.63,C350257,11281.71,6554.08,C988936,33636.44,38364.07,0,0
3,PAYMENT,20747.03,C883210,53897.1,33150.07,M790135,37717.4,58464.43,0,0
3,DEBIT,24074.14,C604663,64628.35,40554.21,C168343,48360.02,72434.16,0,0
4,CASH_OUT,21006.39,C750458,32126.68,11120.29,C552016,30156.46,51162.85,0,0
4,TRANSFER,21631.29,C231842,62075.11,40443.82,C439813,37050.86,58682.15,0,0
4,TRANSFER,241.16,C899369,557.64,316.48,C301080,5983.75,6224.91,0,0
4,CASH_OUT,24071.42,C339715,66824.05,42752.63,C338777,26247.84,50319.26,0,0
5,CASH_OUT,5572.65,C692473,16063.92,10491.27,C419664,33167.53,38740.18,0,0
5,PAYMENT,12192.11,C566889,16458.83,4266.72,M430371,26416.65,38608.76,0,0
6,TRANSFER,5996.74,C909851,12917.44,6920.7,C691407,43270.43,49267.17,0,0
6,PAYMENT,11087.98,C220956,28575.46,17487.48,M516523,3125.29,14213.27,0,0
6,CASH_IN,4681.59,C432183,13363.83,8682.24,C444956,7263.27,11944.86,0,0
6,DEBIT,14169.31,C117243,39462.08,25292.77,C533912,28052.74,42222.05,0,0
7,TRANSFER,12804.4,C603627,22396.46,9592.06,C538458,27440.38,40244.78,0,0
7,CASH_IN,15565.79,C601826,25553.58,9987.79,C603059,6131.77,21697.56,0,0
7,CASH_IN,7297.19,C124692,10218.02,2920.83,C347521,30235.0,37532.19,0,0
7,CASH_OUT,21954.43,C211418,62543.8,40589.37,C350448,1649.38,23603.81,0,0
8,TRANSFER,5308.72,C845888,14018.8,8710.08,C469490,9441.63,14750.35,0,0
8,PAYMENT,11032.76,C234119,16292.17,5259.41,M338535,4982.78,16015.54,0,0
8,DEBIT,15155.64,C731228,30780.48,15624.84,C134786,12084.82,27240.46,0,0
9,DEBIT,2154.87,C882090,3119.07,964.2,C859661,14542.12,16696.99,0,0
9,DEBIT,20272.76,C454187,43613.52,23340.76,C210606,7434.3,27707.06,0,0
9,TRANSFER,8280.34,C867397,15706.67,7426.33,C213383,24179.33,32459.67,0,0
9,TRANSFER,18570.12,C763643,42213.6,23643.48,C909143,25519.23,44089.35,0,0
9,DEBIT,23820.77,C972072,38371.28,14550.51,C481743,38424.21,62244.98,0,0
10,PAYMENT,20109.94,C657903,23883.27,3773.33,M695230,21353.84,41463.78,0,0
10,DEBIT,9061.79,C476137,13895.04,4833.25,C440809,6652.94,15714.73,0,0
10,DEBIT,16148.42,C785977,16935.07,786.65,C177472,5031.97,21180.39,0,0
10,PAYMENT,2636.76,C962509,6375.18,3738.42,M571625,24586.25,27223.01,0,0
11,CASH_OUT,1607.3,C207717,2356.55,749.25,C833463,9482.69,11089.99,0,0
11,DEBIT,11350.58,C758614,13206.11,1855.53,C452952,4942.3,16292.88,0,0
11,DEBIT,16495.36,C241580,48838.95,32343.59,C395527,32540.16,49035.52,0,0
12,DEBIT,947.3,C335362,1324.71,377.41,C373975,26488.13,27435.43,0,0
12,CASH_OUT,5647.0,C226499,11633.54,5986.54,C455103,46370.43,52017.43,0,0
12,CASH_OUT,14292.82,C244152,25102.48,10809.66,C613003,37063.81,51356.63,0,0
12,CASH_OUT,9088.55,C516689,18203.81,9115.26,C468816,27972.71,37061.26,0,0
12,TRANSFER,5302.66,C220511,6363.37,1060.71,C141513,30289.49,35592.15,0,0
13,DEBIT,13671.84,C935463,21860.65,8188.81,C453479,19267.42,32939.26,0,0
13,TRANSFER,4966.52,C153608,6904.87,1938.35,C305988,24378.15,29344.67,0,0
13,TRANSFER,15174.02,C433757,45143.88,29969.86,C327909,11485.51,26659.53,0,0
14,DEBIT,12170.48,C522483,24550.14,12379.66,C203372,936.8,13107.28,0,0
14,DEBIT,16627.36,C774094,33113.39,16486.03,C613951,14915.68,31543.04,0,0
14,DEBIT,839.82,C592796,2436.03,1596.21,C216060,15456.77,16296.59,0,0
14,CASH_OUT,22595.24,C405193,52468.07,29872.83,C473611,19009.55,41604.79,0,0
15,TRANSFER,13376.62,C467870,29124.6,15747.98,C700089,2028.24,15404.86,0,0
15,CASH_OUT,4114.93,C965439,12069.99,7955.06,C617015,7646.25,11761.18,0,0
15,TRANSFER,5159.63,C813918,9953.55,4793.92,C100103,18932.34,24091.97,0,0
16,CASH_IN,22107.15,C195174,61553.37,39446.22,C287905,5202.75,27309.9,0,0
16,DEBIT,12940.96,C655064,25885.88,12944.92,C260797,39408.35,52349.31,0,0
16,TRANSFER,6609.47,C261795,8365.59,1756.12,C736132,10610.11,17219.58,0,0
17,PAYMENT,7641.72,C623094,20336.0,12694.28,M703810,38477.79,46119.51,0,0
17,CASH_OUT,1859.88,C110619,3613.81,1753.93,C769413,39923.87,41783.75,0,0
17,CASH_IN,11822.29,C168760,23283.29,11461.0,C557977,29774.99,41597.28,0,0
17,CASH_OUT,23557.43,C377590,28592.52,5035.09,C321749,14129.4,37686.83,0,0
17,PAYMENT,13415.25,C952596,27815.66,14400.41,M806846,36036.82,49452.07,0,0
18,PAYMENT,1297.37,C690520,3415.61,2118.24,M279762,27126.92,28424.29,0,0
18,CASH_OUT,8462.3,C216576,12348.85,3886.55,C264874,6761.23,15223.53,0,0
18,TRANSFER,11306.37,C933047,12262.61,956.24,C423851,21766.5,33072.87,0,0
19,TRANSFER,16247.87,C297224,48486.74,32238.87,C766733,26958.3,43206.17,0,0
19,PAYMENT,24735.7,C184052,34063.56,9327.86,M883563,48122.84,72858.54,0,0
20,CASH_IN,18131.24,C522731,19001.9,870.66,C631303,33902.01,52033.25,0,0
20,PAYMENT,9396.43,C919337,23225.01,13828.58,M948434,48371.17,57767.6,0,0
20,TRANSFER,16299.19,C897081,44049.74,27750.55,C176926,37073.8,53372.99,0,0
21,DEBIT,20038.29,C639290,52747.31,32709.02,C791684,21746.09,41784.38,0,0
21,PAYMENT,9605.6,C437057,9987.4,381.8,M722493,49290.65,58896.25,0,0
21,DEBIT,24492.64,C173797,59204.41,34711.77,C756940,40990.95,65483.59,0,0
21,PAYMENT,22972.45,C132676,28317.67,5345.22,M683722,36623.04,59595.49,0,0
21,TRANSFER,19931.17,C962211,56168.8,36237.63,C134907,16660.9,36592.07,0,0
22,CASH_IN,16013.1,C318996,21593.61,5580.51,C295612,1149.54,17162.64,0,0
22,CASH_IN,14579.39,C565654,35426.94,20847.55,C849438,15486.39,30065.78,0,0
22,TRANSFER,348.04,C870248,752.4,404.36,C921211,47362.99,47711.03,0,0
23,CASH_IN,10832.18,C461897,23477.56,12645.38,C833972,40479.5,51311.68,0,0
23,DEBIT,22987.34,C761511,37694.1,14706.76,C234327,26054.02,49041.36,0,0
23,CASH_OUT,4062.33,C427479,4652.38,590.05,C813486,1596.96,5659.29,0,0
23,TRANSFER,18332.8,C286043,23057.24,4724.44,C693918,41301.32,59634.12,0,0
23,CASH_IN,20299.24,C451375,36419.13,16119.89,C438587,9291.28,29590.52,0,0
24,PAYMENT,17168.1,C281009,32833.38,15665.28,M889228,11034.3,28202.4,0,0
24,PAYMENT,4238.55,C644068,12642.2,8403.65,M709971,25082.44,29320.99,0,0
24,PAYMENT,19313.78,C789507,38367.56,19053.78,M778744,18330.62,37644.4,0,0
24,CASH_OUT,9043.09,C826972,18312.28,9269.19,C450909,10655.93,19699.02,0,0
24,PAYMENT,10755.92,C963143,14814.01,4058.09,M489125,22517.83,33273.75,0,0
25,CASH_IN,19437.87,C593571,47864.87,28427.0,C118081,47135.37,66573.24,0,0
25,CASH_IN,4652.3,C253284,5883.1,1230.8,C489817,32820.17,37472.47,0,0
25,CASH_OUT,15113.67,C383890,43903.79,28790.12,C917513,5328.89,20442.56,0,0
26,PAYMENT,6352.29,C528022,17420.75,11068.46,M241174,36994.96,43347.25,0,0
26,CASH_OUT,9976.47,C106824,12098.0,2121.53,C140220,32278.81,42255.28,0,0
27,CASH_OUT,9228.87,C599673,11473.6,2244.73,C173861,10480.75,19709.62,0,0
27,CASH_OUT,20540.23,C251361,52163.29,31623.06,C196861,28768.07,49308.3,0,0
27,PAYMENT,23258.33,C277263,65898.47,42640.14,M126299,7610.07,30868.4,0,0
28,PAYMENT,19383.17,C700685,37456.64,18073.47,M857546,4820.72,24203.89,0,0
28,CASH_IN,21161.72,C142866,58405.85,37244.13,C759364,39024.23,60185.95,0,0
29,CASH_IN,7909.1,C120545,20678.25,12769.15,C800447,34730.25,42639.35,0,0
29,PAYMENT,15246.78,C131738,18087.98,2841.2,M834232,45594.74,60841.52,0,0
29,CASH_IN,8211.29,C395451,9487.87,1276.58,C576297,2417.2,10628.49,0,0
30,CASH_IN,15663.07,C373107,25388.44,9725.37,C565073,32581.19,48244.26,0,0
30,PAYMENT,3471.68,C802103,4905.58,1433.9,M545964,5093.13,8564.81,0,0
31,CASH_OUT,7460.3,C846873,18802.02,11341.72,C101966,36743.65,44203.95,0,0
31,DEBIT,4266.05,C357700,10381.92,6115.87,C659861,10303.41,14569.46,0,0
31,TRANSFER,11813.96,C724234,17691.18,5877.22,C747466,4478.33,16292.29,0,0
31,DEBIT,19639.59,C549256,44522.21,24882.62,C276786,778.55,20418.14,0,0
31,CASH_IN,12694.38,C467975,21119.64,8425.26,C792211,49420.11,62114.49,0,0
32,CASH_IN,5461.1,C220969,13673.22,8212.12,C864837,45351.97,50813.07,0,0
32,TRANSFER,18812.67,C251193,38341.43,19528.76,C231807,40246.15,59058.82,0,0
33,PAYMENT,2479.07,C504976,6675.44,4196.37,M870693,37485.33,39964.4,0,0
33,CASH_OUT,6168.82,C283487,10097.39,3928.57,C111348,10642.58,16811.4,0,0
34,CASH_IN,9958.19,C481781,21493.25,11535.06,C931457,7911.63,17869.82,0,0
34,CASH_OUT,7379.28,C350508,15329.92,7950.64,C943565,18440.16,25819.44,0,0
34,CASH_OUT,18365.49,C865222,53480.25,35114.76,C887941,20651.55,39017.04,0,0
35,CASH_IN,7038.4,C409482,14151.53,7113.13,C281424,9161.67,16200.07,0,0
35,CASH_OUT,22935.77,C597445,24756.98,1821.21,C387313,37393.42,60329.19,0,0
36,TRANSFER,12996.25,C161134,15509.18,2512.93,C679931,17271.79,30268.04,0,0
36,DEBIT,14256.96,C789213,39484.86,25227.9,C574429,152.41,14409.37,0,0
36,TRANSFER,23308.28,C532060,38616.75,15308.47,C425186,543.16,23851.44,0,0
36,CASH_IN,18559.73,C219292,46806.49,28246.76,C458463,27934.8,46494.53,0,0
36,PAYMENT,8747.47,C774034,11330.86,2583.39,M294325,10556.79,19304.26,0,0
37,PAYMENT,4419.65,C813966,5325.25,905.6,M607429,32550.34,36969.99,0,0
37,CASH_OUT,2021.58,C151588,3968.54,1946.96,C872997,41974.35,43995.93,0,0
37,TRANSFER,24585.4,C722556,34406.13,9820.73,C358529,41514.06,66099.46,0,0
37,PAYMENT,20594.33,C770441,23733.45,3139.12,M884489,21143.66,41737.99,0,0
37,DEBIT,15238.07,C671601,20591.61,5353.54,C984220,22118.62,37356.69,0,0
38,PAYMENT,24068.72,C839728,66388.34,42319.62,M815596,15124.82,39193.54,0,0
38,CASH_IN,23644.71,C509760,65389.03,41744.32,C524445,16970.26,40614.97,0,0
38,PAYMENT,8106.95,C122504,13573.86,5466.91,M390240,5715.23,13822.18,0,0
38,CASH_OUT,17753.03,C230103,24128.07,6375.04,C803420,37322.17,55075.2,0,0
38,CASH_IN,226.83,C558579,610.32,383.49,C824080,47787.6,48014.43,0,0
39,DEBIT,267.41,C793643,662.2,394.79,C947067,5782.06,6049.47,0,0
39,CASH_IN,8797.3,C209023,14284.5,5487.2,C918193,45524.25,54321.55,0,0
39,CASH_IN,5262.35,C657090,15080.19,9817.84,C373702,42210.92,47473.27,0,0
40,PAYMENT,8784.76,C955154,9335.7,550.94,M769763,9774.41,18559.17,0,0
40,DEBIT,16499.74,C579880,23585.89,7086.15,C625114,28714.56,45214.3,0,0
40,DEBIT,214.76,C918563,553.44,338.68,C714088,30725.56,30940.32,0,0
40,PAYMENT,3615.2,C521357,10382.17,6766.97,M265389,9518.53,13133.73,0,0
41,CASH_IN,3894.59,C882605,7484.36,3589.77,C599782,11284.23,15178.82,0,0
41,PAYMENT,13981.53,C755133,39358.06,25376.53,M580717,29663.57,43645.1,0,0
41,TRANSFER,12505.04,C141712,12755.66,250.62,C765926,47300.17,59805.21,0,0
41,CASH_OUT,3003.85,C908969,7930.66,4926.81,C990773,894.97,3898.82,0,0
41,PAYMENT,10103.17,C698063,19738.64,9635.47,M503505,42026.21,52129.38,0,0
42,CASH_IN,10964.31,C540255,26694.55,15730.24,C634317,14738.02,25702.33,0,0
42,CASH_IN,17421.98,C109815,17959.84,537.86,C532232,48801.77,66223.75,0,0
43,CASH_IN,7402.9,C285498,12324.14,4921.24,C557148,3544.04,10946.94,0,0
43,CASH_OUT,1837.29,C359710,2218.82,381.53,C488961,34395.15,36232.44,0,0
43,TRANSFER,1904.35,C306491,5012.93,3108.58,C629463,33454.23,35358.58,0,0
44,DEBIT,8842.94,C846732,9515.23,672.29,C820445,14476.76,23319.7,0,0
44,CASH_OUT,21038.29,C744966,26948.65,5910.36,C171443,45393.6,66431.89,0,0
44,PAYMENT,3495.85,C101223,7863.86,4368.01,M696616,17883.24,21379.09,0,0
44,CASH_OUT,3047.0,C279421,8100.07,5053.07,C853339,5214.03,8261.03,0,0
45,TRANSFER,5497.64,C556598,14733.12,9235.48,C305977,5010.99,10508.63,0,0
45,CASH_IN,1821.44,C937503,3893.42,2071.98,C128502,33640.32,35461.76,0,0
45,CASH_OUT,23011.64,C532725,63038.06,40026.42,C331773,46654.75,69666.39,0,0
45,CASH_OUT,10705.8,C868018,23431.74,12725.94,C810396,14339.5,25045.3,0,0
46,CASH_OUT,3931.79,C827942,10891.21,6959.42,C782603,5729.18,9660.97,0,0
46,DEBIT,7686.05,C476441,8071.66,385.61,C926799,40350.47,48036.52,0,0
47,DEBIT,149.26,C790119,335.37,186.11,C726320,28622.54,28771.8,0,0
47,CASH_OUT,10445.55,C596427,17409.87,6964.32,C641396,19683.37,30128.92,0,0
47,DEBIT,17447.26,C429630,20932.57,3485.31,C522269,21754.07,39201.33,0,0
47,DEBIT,18192.73,C648522,42809.25,24616.52,C620027,38030.28,56223.01,0,0
47,CASH_OUT,18931.06,C251069,37199.85,18268.79,C583193,26772.67,45703.73,0,0
48,PAYMENT,15941.48,C648763,45851.46,29909.98,M714378,18226.15,34167.63,0,0
48,CASH_OUT,13582.24,C152390,30448.78,16866.54,C403024,14225.85,27808.09,0,0
48,CASH_OUT,20230.26,C553677,54567.53,34337.27,C218734,6666.49,26896.75,0,0
49,CASH_OUT,2431.9,C671507,4966.3,2534.4,C142390,17228.18,19660.08,0,0
49,PAYMENT,17057.52,C550404,29122.16,12064.64,M406735,49401.39,66458.91,0,0
50,TRANSFER,4407.17,C325272,7873.44,3466.27,C229939,42698.58,47105.75,0,0
50,CASH_OUT,16718.04,C650815,43752.16,27034.12,C503737,39760.55,56478.59,0,0
51,CASH_IN,8853.74,C634089,17843.84,8990.1,C375750,2348.91,11202.65,0,0
51,TRANSFER,17924.33,C176285,22214.61,4290.28,C321266,13743.83,31668.16,0,0
51,PAYMENT,3209.74,C276854,8254.39,5044.65,M943647,15167.41,18377.15,0,0
51,DEBIT,17368.61,C617853,27004.16,9635.55,C769471,503.87,17872.48,0,0
52,CASH_IN,11051.38,C608658,14887.49,3836.11,C873345,29081.13,40132.51,0,0
52,PAYMENT,6071.16,C540814,6742.74,671.58,M742373,7848.63,13919.79,0,0
52,PAYMENT,260.49,C122727,323.57,63.08,M443734,16272.99,16533.48,0,0
53,DEBIT,21028.26,C841827,22739.29,1711.03,C292509,7301.8,28330.06,0,0
53,DEBIT,6213.34,C569918,13039.76,6826.42,C886869,16414.07,22627.41,0,0
53,DEBIT,22326.14,C281446,66569.35,44243.21,C386946,31460.53,53786.67,0,0
53,TRANSFER,9168.74,C116992,11408.81,2240.07,C241500,5612.61,14781.35,0,0
54,TRANSFER,20153.79,C699732,57348.02,37194.23,C137812,5581.97,25735.76,0,0
54,TRANSFER,9486.51,C526492,10047.13,560.62,C270610,4239.88,13726.39,0,0
54,CASH_IN,3204.21,C661834,7672.77,4468.56,C158354,21093.52,24297.73,0,0
54,DEBIT,19047.32,C902770,25034.71,5987.39,C878860,47040.93,66088.25,0,0
55,CASH_OUT,23750.54,C143013,52940.89,29190.35,C886968,41056.16,64806.7,0,0
55,CASH_OUT,22470.5,C652868,31050.16,8579.66,C495750,41423.01,63893.51,0,0
56,PAYMENT,10652.93,C396179,21558.11,10905.18,M940991,5388.05,16040.98,0,0
56,TRANSFER,2817.22,C940295,7337.62,4520.4,C871772,32632.22,35449.44,0,0
56,TRANSFER,6907.18,C329788,12844.4,5937.22,C443742,6524.46,13431.64,0,0
57,CASH_IN,18763.08,C610827,21516.55,2753.47,C555531,41864.74,60627.82,0,0
57,CASH_IN,11374.55,C509789,18159.17,6784.62,C423694,45202.66,56577.21,0,0
58,CASH_IN,1644.68,C427697,3441.95,1797.27,C322839,11453.01,13097.69,0,0
58,CASH_IN,6501.27,C901111,11258.96,4757.69,C699171,5061.6,11562.87,0,0
58,CASH_OUT,24414.53,C797691,55970.32,31555.79,C675428,11132.81,35547.34,0,0
58,CASH_OUT,11675.28,C733213,30874.63,19199.35,C554900,46866.16,58541.44,0,0
58,DEBIT,1777.76,C716698,4369.48,2591.72,C679358,10151.34,11929.1,0,0
59,TRANSFER,23866.92,C504607,27355.92,3489.0,C131422,17965.5,41832.42,0,0
59,CASH_IN,15389.66,C707773,29469.07,14079.41,C765832,36026.45,51416.11,0,0
59,CASH_OUT,17170.36,C458468,42707.69,25537.33,C236426,21318.24,38488.6,0,0
59,CASH_IN,15054.31,C436864,33601.48,18547.17,C849053,26371.32,41425.63,0,0
60,CASH_OUT,153161.57,C658198,153161.57,0.0,C355611,13318.68,19668.76,1,0
60,CASH_IN,19577.06,C241820,32711.81,13134.75,C148332,35209.85,54786.91,0,0
60,PAYMENT,7003.8,C520610,7240.82,237.02,M933535,21513.41,28517.21,0,0
60,PAYMENT,24258.37,C322806,57876.46,33618.09,M706400,34253.06,58511.43,0,0
60,CASH_OUT,20480.36,C601518,31196.52,10716.16,C270697,41869.04,62349.4,0,0
61,TRANSFER,23053.22,C698407,28313.57,5260.35,C544923,16476.67,39529.89,0,0
61,CASH_OUT,8379.56,C611122,17777.73,9398.17,C748967,40816.16,49195.72,0,0
61,PAYMENT,11808.56,C144863,31394.42,19585.86,M600124,26682.84,38491.4,0,0
61,CASH_IN,23753.65,C126078,55904.12,32150.47,C990077,49483.6,73237.25,0,0
62,PAYMENT,12264.29,C743003,36267.63,24003.34,M422308,40359.49,52623.78,0,0
62,PAYMENT,24436.07,C581079,64717.43,40281.36,M626252,11558.27,35994.34,0,0
63,CASH_OUT,12907.98,C453590,36404.7,23496.72,C397316,6379.78,19287.76,0,0
63,CASH_OUT,13458.3,C378119,23737.25,10278.95,C214297,49466.43,62924.73,0,0
64,CASH_IN,5524.24,C486697,11140.6,5616.36,C843583,30464.98,35989.22,0,0
64,TRANSFER,24049.58,C867791,49659.87,25610.29,C513822,327.63,24377.21,0,0
64,CASH_OUT,22052.32,C231724,29693.47,7641.15,C696241,39690.15,61742.47,0,0
65,CASH_IN,10599.1,C498504,14469.28,3870.18,C381241,33517.63,44116.73,0,0
65,CASH_IN,21159.97,C850626,33682.77,12522.8,C903014,12063.69,33223.66,0,0
65,DEBIT,1731.11,C525774,4083.11,2352.0,C578957,28829.32,30560.43,0,0
65,CASH_IN,3254.02,C432573,8548.23,5294.21,C301111,31546.94,34800.96,0,0
65,CASH_OUT,21317.69,C770062,48877.38,27559.69,C648425,23630.69,44948.38,0,0
66,DEBIT,8674.16,C443143,24408.45,15734.29,C218588,31469.54,40143.7,0,0
66,TRANSFER,20564.17,C826505,34965.31,14401.14,C813481,44805.06,65369.23,0,0
66,CASH_OUT,8992.11,C893611,18027.9,9035.79,C428418,32271.83,41263.94,0,0
66,TRANSFER,6324.33,C867430,16325.78,10001.45,C796157,41444.52,47768.85,0,0
67,PAYMENT,5934.94,C369350,6348.94,414.0,M257244,25103.7,31038.64,0,0
67,CASH_IN,20108.2,C621298,44761.54,24653.34,C504278,34430.27,54538.47,0,0
67,TRANSFER,22193.69,C299467,35463.51,13269.82,C522200,39797.86,61991.55,0,0
67,DEBIT,3066.14,C504302,4983.65,1917.51,C778472,24785.93,27852.07,0,0
68,CASH_OUT,1556.52,C533233,4363.72,2807.2,C287614,36136.03,37692.55,0,0
68,CASH_IN,7861.98,C788882,15367.29,7505.31,C171882,40068.16,47930.14,0,0
68,TRANSFER,10870.44,C991418,15202.43,4331.99,C561867,22544.12,33414.56,0,0
68,TRANSFER,12239.54,C413590,36510.75,24271.21,C747461,35909.74,48149.28,0,0
69,TRANSFER,8433.31,C514020,16530.25,8096.94,C436774,49839.9,58273.21,0,0
69,PAYMENT,23347.72,C898217,34770.71,11422.99,M361835,28967.69,52315.41,0,0
69,DEBIT,22327.58,C205274,61792.96,39465.38,C998591,24472.06,46799.64,0,0
69,CASH_IN,14168.29,C252062,30908.07,16739.78,C620722,41956.81,56125.1,0,0
69,TRANSFER,22848.06,C119652,56773.39,33925.33,C598636,23118.0,45966.06,0,0
70,CASH_OUT,17506.62,C121676,22289.46,4782.84,C371672,13525.19,31031.81,0,0
70,PAYMENT,16942.79,C408626,22597.35,5654.56,M904475,9182.5,26125.29,0,0
71,CASH_IN,11629.53,C910251,27973.1,16343.57,C479447,36448.73,48078.26,0,0
71,CASH_OUT,9976.51,C491422,10506.64,530.13,C725787,22114.48,32090.99,0,0
71,TRANSFER,19120.31,C428403,50397.73,31277.42,C935171,17931.51,37051.82,0,0
71,DEBIT,8387.79,C358918,20864.02,12476.23,C752452,36580.25,44968.04,0,0
72,PAYMENT,24303.17,C456887,64502.46,40199.29,M873682,43743.01,68046.18,0,0
72,CASH_OUT,18659.02,C903379,50202.06,31543.04,C965653,47440.98,66100.0,0,0
72,CASH_OUT,12925.57,C132560,33448.63,20523.06,C261505,18953.25,31878.82,0,0
72,PAYMENT,13164.63,C150520,38197.75,25033.12,M613337,35258.56,48423.19,0,0
73,CASH_IN,9724.11,C722380,19675.49,9951.38,C115862,49756.15,59480.26,0,0
73,CASH_IN,8090.51,C333149,10060.66,1970.15,C449785,43379.6,51470.11,0,0
73,DEBIT,18492.85,C903341,22584.86,4092.01,C237519,30258.34,48751.19,0,0
73,TRANSFER,24963.56,C103445,38373.74,13410.18,C390654,28657.99,53621.55,0,0
73,DEBIT,3670.44,C790519,6009.16,2338.72,C376160,34134.03,37804.47,0,0
74,PAYMENT,3133.6,C168809,6607.62,3474.02,M787383,30917.35,34050.95,0,0
74,PAYMENT,9094.75,C563175,21571.91,12477.16,M919744,41249.91,50344.66,0,0
74,CASH_OUT,18479.14,C890140,48774.96,30295.82,C452320,47430.72,65909.86,0,0
75,TRANSFER,21900.01,C149363,51309.63,29409.62,C736319,3572.48,25472.49,0,0
75,CASH_OUT,71.45,C256072,154.34,82.89,C725486,20380.59,20452.04,0,0
75,CASH_OUT,23385.89,C938468,44309.6,20923.71,C755005,33170.01,56555.9,0,0
76,CASH_OUT,16974.77,C399992,36092.22,19117.45,C231294,35633.6,52608.37,0,0
76,TRANSFER,14781.47,C435376,27345.03,12563.56,C827726,42502.97,57284.44,0,0
77,CASH_OUT,4983.81,C660441,11827.39,6843.58,C667915,22280.57,27264.38,0,0
77,CASH_IN,12625.67,C238396,21218.19,8592.52,C865577,26432.67,39058.34,0,0
77,TRANSFER,22794.96,C651703,46151.53,23356.57,C190380,39779.08,62574.04,0,0
78,CASH_OUT,19145.59,C601809,50012.79,30867.2,C818943,9103.1,28248.69,0,0
78,TRANSFER,14027.49,C874430,21081.21,7053.72,C665571,26030.81,40058.3,0,0
78,DEBIT,3708.33,C379197,8774.56,5066.23,C486890,6035.1,9743.43,0,0
78,PAYMENT,21460.19,C727355,42797.79,21337.6,M433136,3844.09,25304.28,0,0
79,DEBIT,8389.57,C921715,17861.22,9471.65,C457241,26379.81,34769.38,0,0
79,CASH_IN,21880.39,C619802,40441.15,18560.76,C273229,46945.91,68826.3,0,0
79,TRANSFER,7611.36,C235601,17795.77,10184.41,C677351,33500.19,41111.55,0,0
79,CASH_OUT,11228.07,C232155,32263.36,21035.29,C112131,48930.73,60158.8,0,0
79,CASH_IN,1265.58,C431474,3217.94,1952.36,C800438,43282.19,44547.77,0,0
80,PAYMENT,8175.57,C610782,11080.52,2904.95,M677333,22627.0,30802.57,0,0
80,DEBIT,4936.44,C818103,7464.14,2527.7,C229749,19224.93,24161.37,0,0
80,DEBIT,19194.29,C495937,30237.84,11043.55,C616399,20906.82,40101.11,0,0
81,CASH_OUT,3162.33,C722094,6502.92,3340.59,C937746,16855.77,20018.1,0,0
81,CASH_OUT,15223.13,C655102,28610.38,13387.25,C934271,44188.44,59411.57,0,0
81,CASH_OUT,17660.97,C173885,52525.86,34864.89,C278410,30307.32,47968.29,0,0
81,TRANSFER,5371.38,C794826,13204.02,7832.64,C676978,11181.41,16552.79,0,0
81,CASH_OUT,14412.96,C367531,22487.9,8074.94,C261570,30144.25,44557.21,0,0
82,CASH_IN,21457.29,C525122,35661.05,14203.76,C324971,38678.82,60136.11,0,0
82,CASH_IN,17962.47,C788115,34618.75,16656.28,C584298,12830.48,30792.95,0,0
82,CASH_OUT,16953.77,C255984,29906.98,12953.21,C603212,31881.94,48835.71,0,0
82,CASH_OUT,18222.32,C498945,19349.37,1127.05,C984659,12485.78,30708.1,0,0
83,CASH_IN,11325.23,C817004,31897.36,20572.13,C483135,30784.5,42109.73,0,0
83,DEBIT,5681.55,C936457,9110.21,3428.66,C698268,3960.5,9642.05,0,0
83,PAYMENT,15725.87,C392448,36994.63,21268.76,M476214,39016.87,54742.74,0,0
83,TRANSFER,2328.75,C269338,4576.22,2247.47,C947935,32851.47,35180.22,0,0
83,TRANSFER,5684.27,C892026,8494.84,2810.57,C215736,16312.77,21997.04,0,0
84,PAYMENT,21990.61,C870169,27321.44,5330.83,M305772,30805.46,52796.07,0,0
84,CASH_OUT,21077.22,C157638,43458.04,22380.82,C742244,42113.72,63190.94,0,0
85,CASH_OUT,2148.52,C678675,6142.53,3994.01,C184680,39385.11,41533.63,0,0
85,PAYMENT,9915.37,C544283,12656.79,2741.42,M449246,28530.21,38445.58,0,0
85,CASH_OUT,7095.45,C224209,15723.14,8627.69,C803089,36712.6,43808.05,0,0
85,TRANSFER,3641.17,C191277,5051.82,1410.65,C397482,4331.3,7972.47,0,0
85,DEBIT,2634.36,C460864,7825.21,5190.85,C307096,38431.39,41065.75,0,0
86,CASH_IN,2638.43,C277311,4013.01,1374.58,C932580,7145.2,9783.63,0,0
86,CASH_OUT,14133.32,C223826,41061.17,26927.85,C513381,42421.71,56555.03,0,0
87,TRANSFER,11027.02,C623553,31648.97,20621.95,C702293,18408.38,29435.4,0,0
87,CASH_IN,6267.23,C887779,10357.06,4089.83,C597605,36614.39,42881.62,0,0
87,CASH_IN,11260.43,C291027,13374.94,2114.51,C375880,5668.92,16929.35,0,0
87,PAYMENT,18052.02,C199623,51800.33,33748.31,M706782,3131.58,21183.6,0,0
87,CASH_OUT,1526.77,C118221,4489.94,2963.17,C832922,19108.51,20635.28,0,0
88,CASH_IN,4062.09,C927881,10025.88,5963.79,C278735,8854.8,12916.89,0,0
88,PAYMENT,3421.71,C974298,8206.15,4784.44,M939725,47455.58,50877.29,0,0
88,CASH_IN,7836.3,C322733,15951.02,8114.72,C916429,35099.01,42935.31,0,0
88,CASH_IN,19254.58,C286858,46678.35,27423.77,C493726,5066.77,24321.35,0,0
89,CASH_IN,19487.77,C362702,55973.01,36485.24,C227492,21732.14,41219.91,0,0
89,CASH_IN,5800.36,C411664,9376.59,3576.23,C919333,27684.76,33485.12,0,0
90,CASH_OUT,1520.22,C429387,2139.54,619.32,C406369,28519.98,30040.2,0,0
90,DEBIT,15463.2,C858353,16676.08,1212.88,C725547,3508.57,18971.77,0,0
90,CASH_IN,20162.04,C378503,49578.39,29416.35,C797824,12637.23,32799.27,0,0
90,DEBIT,3715.98,C954803,10538.49,6822.51,C526417,9224.25,12940.23,0,0
90,PAYMENT,12424.56,C850640,34112.24,21687.68,M391062,24718.44,37143.0,0,0
91,CASH_OUT,19357.18,C171136,31837.59,12480.41,C758350,15757.11,35114.29,0,0
91,DEBIT,9918.03,C414407,25747.53,15829.5,C146933,16464.88,26382.91,0,0
91,TRANSFER,19394.64,C981035,54286.12,34891.48,C786686,31801.85,51196.49,0,0
91,TRANSFER,7758.9,C105880,8524.7,765.8,C991304,24304.97,32063.87,0,0
91,CASH_OUT,7980.34,C846431,12903.69,4923.35,C483218,46080.75,54061.09,0,0
92,PAYMENT,4331.09,C995171,7091.07,2759.98,M759311,39232.82,43563.91,0,0
92,DEBIT,8872.89,C153507,15278.73,6405.84,C601209,18912.64,27785.53,0,0
92,DEBIT,1519.32,C566485,2325.06,805.74,C589648,5780.7,7300.02,0,0
92,TRANSFER,18763.58,C438022,34490.87,15727.29,C820466,39970.72,58734.3,0,0
93,TRANSFER,18667.02,C536542,55110.62,36443.6,C282455,43296.61,61963.63,0,0
93,CASH_IN,8170.89,C779401,15577.54,7406.65,C341829,41041.8,49212.69,0,0
93,CASH_IN,24835.03,C897691,34540.21,9705.18,C982286,25323.72,50158.75,0,0
94,DEBIT,8164.34,C331744,16340.22,8175.88,C302742,22493.87,30658.21,0,0
94,CASH_OUT,12721.45,C938626,36459.13,23737.68,C891118,9257.56,21979.01,0,0
94,CASH_IN,19502.07,C206916,49068.53,29566.46,C422889,12915.97,32418.04,0,0
95,DEBIT,7659.67,C260393,19942.84,12283.17,C241440,10777.26,18436.93,0,0
95,PAYMENT,22605.92,C316133,53217.35,30611.43,M463671,35108.54,57714.46,0,0
95,TRANSFER,8007.67,C314376,15644.93,7637.26,C362633,18634.38,26642.05,0,0
96,TRANSFER,4661.2,C389496,7443.6,2782.4,C160565,48366.98,53028.18,0,0
96,DEBIT,20533.08,C553082,31605.16,11072.08,C799663,9759.42,30292.5,0,0
97,PAYMENT,22773.92,C543327,50691.63,27917.71,M421940,29698.31,52472.23,0,0
97,TRANSFER,6989.05,C801513,11243.77,4254.72,C632802,3680.05,10669.1,0,0
97,TRANSFER,24096.29,C454025,70048.88,45952.59,C517912,25239.55,49335.84,0,0
98,TRANSFER,15860.23,C760643,43279.07,27418.84,C915066,9178.36,25038.59,0,0
98,CASH_IN,6937.25,C454157,13820.16,6882.91,C935117,46092.52,53029.77,0,0
98,PAYMENT,2837.33,C300979,5487.42,2650.09,M803807,30520.19,33357.52,0,0
98,CASH_OUT,13393.01,C542159,15975.11,2582.1,C870184,20995.78,34388.79,0,0
98,CASH_IN,13136.61,C451123,27853.96,14717.35,C543126,36021.85,49158.46,0,0
99,PAYMENT,10218.12,C987130,19670.32,9452.2,M578878,39861.85,50079.97,0,0
99,TRANSFER,17024.63,C544286,42236.79,25212.16,C215116,37434.5,54459.13,0,0
99,DEBIT,8592.37,C919208,24350.9,15758.53,C194991,18227.51,26819.88,0,0
99,DEBIT,23365.31,C965462,49075.07,25709.76,C193922,47043.5,70408.81,0,0
100,TRANSFER,18064.49,C329318,22042.43,3977.94,C134260,26245.95,44310.44,0,0
100,CASH_IN,15025.22,C470768,19495.56,4470.34,C514343,23236.44,38261.66,0,0
100,CASH_IN,9931.78,C837467,28356.73,18424.95,C646289,44036.15,53967.93,0,0
100,CASH_IN,3059.03,C748921,7769.12,4710.09,C805807,14548.41,17607.44,0,0
101,CASH_IN,14058.78,C650644,29700.98,15642.2,C315777,16540.39,30599.17,0,0
101,DEBIT,4325.99,C426594,12743.17,8417.18,C711670,10991.8,15317.79,0,0
102,TRANSFER,15256.07,C671724,40622.83,25366.76,C300423,29753.69,45009.76,0,0
102,TRANSFER,11460.8,C952576,24033.52,12572.72,C112962,1699.05,13159.85,0,0
102,DEBIT,5098.27,C599099,8199.05,3100.78,C154350,27151.32,32249.59,0,0
102,TRANSFER,20971.32,C958458,33714.44,12743.12,C957774,8947.54,29918.86,0,0
103,CASH_OUT,1296.49,C866190,1576.87,280.38,C433732,38589.04,39885.53,0,0
103,DEBIT,10026.0,C957606,15279.54,5253.54,C692732,40017.54,50043.54,0,0
103,DEBIT,20271.83,C531886,50906.96,30635.13,C907890,15153.21,35425.04,0,0
104,DEBIT,18864.72,C380362,51286.97,32422.25,C842445,43295.68,62160.4,0,0
104,DEBIT,4078.14,C984321,6806.89,2728.75,C961599,17444.87,21523.01,0,0
104,CASH_OUT,24466.22,C122300,63008.46,38542.24,C868103,47467.35,71933.57,0,0
104,DEBIT,3336.11,C896645,5262.26,1926.15,C365470,45229.94,48566.05,0,0
105,PAYMENT,16206.78,C136247,42715.82,26509.04,M918800,4436.64,20643.42,0,0
105,CASH_IN,3104.33,C726252,8084.17,4979.84,C696626,42629.34,45733.67,0,0
106,TRANSFER,14809.63,C784528,40708.04,25898.41,C343299,15581.39,30391.02,0,0
106,CASH_OUT,14559.47,C270552,15771.8,1212.33,C501246,430.49,14989.96,0,0
106,TRANSFER,15545.97,C749132,24072.33,8526.36,C499727,15851.0,31396.97,0,0
107,CASH_IN,22354.59,C649516,39436.43,17081.84,C385933,1420.26,23774.85,0,0
107,PAYMENT,22736.6,C595580,32103.84,9367.24,M817922,49039.43,71776.03,0,0
107,DEBIT,13033.63,C795353,28580.53,15546.9,C603122,31228.12,44261.75,0,0
107,CASH_OUT,10352.41,C696817,14713.83,4361.42,C659618,2925.18,13277.59,0,0
107,PAYMENT,4777.61,C168464,8357.02,3579.41,M779623,20087.52,24865.13,0,0
108,CASH_OUT,3786.22,C476998,10787.29,7001.07,C464497,17560.63,21346.85,0,0
108,CASH_IN,9033.29,C873011,20085.78,11052.49,C805414,22266.23,31299.52,0,0
108,TRANSFER,13473.74,C438237,15353.22,1879.48,C978057,30182.69,43656.43,0,0
108,CASH_IN,11518.93,C286271,14127.38,2608.45,C320745,29940.55,41459.48,0,0
108,DEBIT,8126.65,C497394,23999.92,15873.27,C183425,43840.37,51967.02,0,0
109,TRANSFER,4529.16,C229070,12941.06,8411.9,C535087,19778.01,24307.17,0,0
109,CASH_OUT,17736.28,C644170,26182.32,8446.04,C724347,38550.13,56286.41,0,0
109,CASH_OUT,12439.55,C875935,30916.73,18477.18,C434821,41579.34,54018.89,0,0
110,CASH_OUT,337185.7,C128618,337185.7,0.0,C983984,17673.59,37901.32,1,0
110,PAYMENT,4916.67,C895403,9634.08,4717.41,M692751,49141.36,54058.03,0,0
110,PAYMENT,14863.77,C735231,36557.25,21693.48,M304944,8307.74,23171.51,0,0
111,TRANSFER,24659.42,C787790,43128.05,18468.63,C774754,18860.32,43519.74,0,0
111,TRANSFER,13900.42,C358636,17730.61,3830.19,C324163,30773.47,44673.89,0,0
111,DEBIT,23592.02,C856601,49213.54,25621.52,C197858,7729.59,31321.61,0,0
111,CASH_IN,24183.23,C505561,34121.4,9938.17,C485616,14659.13,38842.36,0,0
111,CASH_IN,4126.15,C905055,11425.18,7299.03,C515817,26331.61,30457.76,0,0
112,CASH_IN,1837.79,C914180,3265.78,1427.99,C580588,8641.09,10478.88,0,0
112,TRANSFER,158.37,C158325,288.79,130.42,C238085,27093.91,27252.28,0,0
112,DEBIT,3979.59,C736575,8096.27,4116.68,C662570,15783.79,19763.38,0,0
112,PAYMENT,12620.71,C788304,37109.92,24489.21,M390346,20980.82,33601.53,0,0
112,TRANSFER,20903.23,C795292,32322.4,11419.17,C615392,33758.05,54661.28,0,0
113,DEBIT,6309.33,C616249,17834.95,11525.62,C506408,39236.7,45546.03,0,0
113,CASH_OUT,12677.32,C452186,22282.63,9605.31,C158242,45348.29,58025.61,0,0
113,PAYMENT,14782.15,C932062,41102.57,26320.42,M550625,1691.74,16473.89,0,0
113,CASH_OUT,23649.84,C794528,64068.34,40418.5,C401322,16827.65,40477.49,0,0
114,DEBIT,19420.36,C856718,52615.7,33195.34,C625328,21514.33,40934.69,0,0
114,DEBIT,2268.36,C427514,3789.89,1521.53,C961944,10108.46,12376.82,0,0
114,PAYMENT,1356.2,C158991,3134.1,1777.9,M238611,38422.24,39778.44,0,0
115,TRANSFER,24648.94,C824054,31536.49,6887.55,C811485,9995.59,34644.53,0,0
115,DEBIT,154.76,C835805,283.31,128.55,C838273,30065.76,30220.52,0,0
116,CASH_IN,18523.93,C417451,23315.54,4791.61,C548375,41474.6,59998.53,0,0
116,DEBIT,21952.54,C843889,23839.23,1886.69,C119077,42082.51,64035.05,0,0
116,TRANSFER,11325.64,C902003,29982.64,18657.0,C990196,25732.21,37057.85,0,0
116,PAYMENT,713.98,C860016,1268.26,554.28,M500347,26368.85,27082.83,0,0
116,CASH_OUT,2057.87,C498357,2772.98,715.11,C615287,14409.92,16467.79,0,0
117,DEBIT,22737.57,C238639,47342.6,24605.03,C731583,11418.28,34155.85,0,0
117,DEBIT,18634.04,C130785,39328.89,20694.85,C588421,44335.97,62970.01,0,0
117,DEBIT,21023.77,C417550,41629.69,20605.92,C711973,38301.62,59325.39,0,0
117,CASH_IN,12159.63,C811115,12793.62,633.99,C456827,18561.29,30720.92,0,0
117,PAYMENT,19741.32,C534066,50761.41,31020.09,M992699,1149.4,20890.72,0,0
118,PAYMENT,7736.03,C297300,19773.37,12037.34,M778714,1882.45,9618.48,0,0
118,DEBIT,1346.13,C934320,3588.84,2242.71,C699211,19297.4,20643.53,0,0
118,CASH_OUT,11704.3,C225604,23753.51,12049.21,C536414,37004.51,48708.81,0,0
118,CASH_IN,5969.24,C301818,11839.8,5870.56,C723017,45853.58,51822.82,0,0
119,TRANSFER,12402.19,C918045,24450.03,12047.84,C640923,5164.66,17566.85,0,0
119,CASH_IN,11485.07,C999075,26520.14,15035.07,C359478,8633.98,20119.05,0,0
120,CASH_IN,5150.63,C713566,11994.75,6844.12,C523736,38015.98,43166.61,0,0
120,TRANSFER,9363.53,C116816,19932.93,10569.4,C370432,31663.46,41026.99,0,0
120,DEBIT,7987.69,C880337,9859.84,1872.15,C540547,724.41,8712.1,0,0
120,PAYMENT,16571.32,C354460,41976.32,25405.0,M204897,24513.91,41085.23,0,0
121,CASH_OUT,18302.73,C922834,50157.55,31854.82,C233616,19387.05,37689.78,0,0
121,DEBIT,24973.43,C113951,38923.24,13949.81,C324773,4838.76,29812.19,0,0
121,PAYMENT,22848.11,C374660,46311.35,23463.24,M185016,38835.71,61683.82,0,0
121,DEBIT,4812.1,C309731,12879.03,8066.93,C514559,1608.52,6420.62,0,0
121,TRANSFER,3752.12,C430860,4451.19,699.07,C830154,44146.63,47898.75,0,0
122,PAYMENT,5168.72,C222375,7703.66,2534.94,M591761,14073.19,19241.91,0,0
122,TRANSFER,18079.65,C722289,26489.93,8410.28,C583009,47539.53,65619.18,0,0
122,TRANSFER,662.5,C104791,1019.32,356.82,C887044,25834.97,26497.47,0,0
122,CASH_OUT,3610.48,C439037,8896.77,5286.29,C631611,12028.02,15638.5,0,0
122,CASH_IN,19946.91,C577360,49246.47,29299.56,C568863,11430.84,31377.75,0,0
123,PAYMENT,5866.42,C839616,11951.97,6085.55,M814695,30260.73,36127.15,0,0
123,DEBIT,17299.01,C907349,36682.49,19383.48,C303179,3579.66,20878.67,0,0
123,CASH_IN,10036.26,C148214,29413.85,19377.59,C748873,18377.86,28414.12,0,0
124,PAYMENT,6477.02,C681296,13712.79,7235.77,M577721,32218.79,38695.81,0,0
124,TRANSFER,6207.46,C701973,6873.46,666.0,C590230,44213.48,50420.94,0,0
124,DEBIT,7584.43,C645910,11901.86,4317.43,C999887,11918.71,19503.14,0,0
125,DEBIT,833.1,C266791,1853.38,1020.28,C253914,27848.63,28681.73,0,0
125,CASH_IN,24787.8,C119159,39137.28,14349.48,C390289,12672.71,37460.51,0,0
125,CASH_OUT,9558.5,C703827,27785.21,18226.71,C835879,13340.76,22899.26,0,0
126,CASH_IN,19820.12,C289935,20840.95,1020.83,C823179,22867.84,42687.96,0,0
126,PAYMENT,15220.65,C806371,45312.98,30092.33,M513589,6096.19,21316.84,0,0
126,TRANSFER,11005.34,C982364,25936.25,14930.91,C517744,1095.99,12101.33,0,0
126,PAYMENT,138.51,C398472,221.82,83.31,M568999,35618.61,35757.12,0,0
126,DEBIT,4027.59,C941552,11116.33,7088.74,C519117,29277.04,33304.63,0,0
127,CASH_IN,13544.92,C417557,33103.07,19558.15,C407807,12670.66,26215.58,0,0
127,CASH_OUT,17230.62,C253685,20378.8,3148.18,C648923,20525.81,37756.43,0,0
128,CASH_OUT,23039.2,C550932,39493.92,16454.72,C684826,41011.24,64050.44,0,0
128,PAYMENT,23303.42,C433385,45055.26,21751.84,M787087,42135.18,65438.6,0,0
128,CASH_IN,5888.89,C595486,7858.73,1969.84,C240912,44287.4,50176.29,0,0
128,TRANSFER,17953.52,C996909,36868.15,18914.63,C843332,11197.8,29151.32,0,0
129,PAYMENT,3233.87,C247115,8905.11,5671.24,M895311,33940.19,37174.06,0,0
129,PAYMENT,6037.2,C333551,16328.75,10291.55,M449672,5680.32,11717.52,0,0
129,CASH_IN,16910.38,C746666,33593.98,16683.6,C158404,42459.7,59370.08,0,0
129,DEBIT,20078.5,C180922,58817.31,38738.81,C230515,45810.86,65889.36,0,0
130,TRANSFER,7358.29,C203272,10301.14,2942.85,C680837,49186.09,56544.38,0,0
130,DEBIT,23962.96,C864383,69160.48,45197.52,C639700,22947.16,46910.12,0,0
131,TRANSFER,7208.18,C278528,7808.47,600.29,C159024,40572.67,47780.85,0,0
131,PAYMENT,14671.65,C867558,25498.53,10826.88,M504570,31194.26,45865.91,0,0
131,DEBIT,19265.25,C876688,43545.45,24280.2,C345822,9417.31,28682.56,0,0
132,PAYMENT,15100.75,C444361,24811.12,9710.37,M797710,43201.22,58301.97,0,0
132,PAYMENT,9882.52,C671763,21551.48,11668.96,M422979,32321.34,42203.86,0,0
132,TRANSFER,2028.03,C574997,3212.8,1184.77,C191772,39856.81,41884.84,0,0
132,CASH_OUT,2931.9,C800255,8553.74,5621.84,C620280,25879.39,28811.29,0,0
133,DEBIT,13602.33,C487197,35741.63,22139.3,C814938,49013.08,62615.41,0,0
133,TRANSFER,16662.08,C654960,41366.53,24704.45,C234164,15789.28,32451.36,0,0
134,DEBIT,23446.54,C602184,52747.05,29300.51,C550573,27445.95,50892.49,0,0
134,CASH_IN,11872.51,C740088,24088.0,12215.49,C188359,26258.21,38130.72,0,0
134,CASH_OUT,13547.5,C687989,24999.79,11452.29,C988271,40471.92,54019.42,0,0
134,CASH_OUT,22186.43,C390060,28441.89,6255.46,C953533,33224.41,55410.84,0,0
134,TRANSFER,24272.93,C407447,24995.43,722.5,C815562,994.74,25267.67,0,0
135,CASH_OUT,4436.59,C376348,7495.35,3058.76,C482402,22659.95,27096.54,0,0
135,CASH_OUT,11582.28,C565951,32955.78,21373.5,C961711,45261.79,56844.07,0,0
136,CASH_OUT,5682.11,C757938,13657.65,7975.54,C541434,47858.78,53540.89,0,0
136,TRANSFER,8082.55,C843695,14674.58,6592.03,C443097,36739.28,44821.83,0,0
137,CASH_IN,1071.97,C801269,3083.55,2011.58,C541334,15892.55,16964.52,0,0
137,CASH_IN,20975.0,C830023,41509.02,20534.02,C643553,6826.91,27801.91,0,0
137,DEBIT,8985.47,C294531,23847.81,14862.34,C253243,17649.68,26635.15,0,0
137,DEBIT,12012.97,C290577,18913.2,6900.23,C925950,44751.57,56764.54,0,0
137,DEBIT,18680.0,C936254,23462.07,4782.07,C832020,1981.2,20661.2,0,0
138,TRANSFER,17570.11,C147162,48318.0,30747.89,C542586,38339.56,55909.67,0,0
138,CASH_IN,9771.32,C798406,17948.23,8176.91,C533137,1674.29,11445.61,0,0
138,CASH_OUT,7563.78,C449422,11592.17,4028.39,C554901,7874.33,15438.11,0,0
138,CASH_IN,1680.89,C165225,4589.22,2908.33,C481874,26055.57,27736.46,0,0
138,TRANSFER,526.3,C570471,1236.65,710.35,C285697,23981.23,24507.53,0,0
139,DEBIT,16093.01,C991289,21955.6,5862.59,C451280,2214.42,18307.43,0,0
139,CASH_OUT,17504.6,C614166,36421.58,18916.98,C392854,17527.31,35031.91,0,0
139,CASH_OUT,17362.89,C609859,50971.33,33608.44,C463909,22718.71,40081.6,0,0
139,CASH_OUT,1278.62,C521519,2455.31,1176.69,C157372,38244.57,39523.19,0,0
140,TRANSFER,19076.3,C880358,46552.53,27476.23,C775098,4477.23,23553.53,0,0
140,DEBIT,8859.25,C655214,18784.4,9925.15,C913084,39536.57,48395.82,0,0
140,DEBIT,4636.62,C235569,5643.53,1006.91,C249637,7084.12,11720.74,0,0
140,TRANSFER,14299.95,C522477,26122.43,11822.48,C378551,31697.15,45997.1,0,0
140,TRANSFER,2587.95,C498547,5865.84,3277.89,C736353,8821.6,11409.55,0,0
141,CASH_IN,13367.05,C412714,36827.17,23460.12,C429275,14961.27,28328.32,0,0
141,DEBIT,7051.47,C264355,15607.78,8556.31,C802418,27219.39,34270.86,0,0
141,PAYMENT,5866.65,C224231,7168.28,1301.63,M340077,21827.65,27694.3,0,0
141,CASH_IN,4431.58,C835847,12910.26,8478.68,C397557,6038.37,10469.95,0,0
141,CASH_OUT,2055.08,C643495,5410.03,3354.95,C854858,924.17,2979.25,0,0
142,TRANSFER,12949.31,C229391,29049.76,16100.45,C205157,18176.98,31126.29,0,0
142,TRANSFER,17011.06,C479124,30760.07,13749.01,C353540,44064.99,61076.05,0,0
143,CASH_OUT,14896.79,C415845,35323.46,20426.67,C545465,27072.02,41968.81,0,0
143,CASH_IN,5964.72,C511628,13752.33,7787.61,C276148,15430.97,21395.69,0,0
143,DEBIT,4051.38,C964620,8612.29,4560.91,C835992,25199.07,29250.45,0,0
143,TRANSFER,5922.61,C154029,11349.38,5426.77,C297820,19253.48,25176.09,0,0
143,DEBIT,24515.49,C701133,32844.43,8328.94,C850876,4175.04,28690.53,0,0
144,TRANSFER,21293.68,C112061,35650.61,14356.93,C212873,19034.07,40327.75,0,0
144,CASH_OUT,20886.28,C780643,29373.65,8487.37,C128212,18609.38,39495.66,0,0
145,PAYMENT,1435.36,C304196,2489.94,1054.58,M916420,5266.38,6701.74,0,0
145,DEBIT,24005.41,C768092,32058.25,8052.84,C171128,18359.98,42365.39,0,0
145,CASH_OUT,4119.42,C861695,5402.16,1282.74,C865593,8012.83,12132.25,0,0
145,TRANSFER,17334.42,C598094,51400.98,34066.56,C597727,39285.67,56620.09,0,0
146,CASH_IN,21385.08,C162255,49471.27,28086.19,C894188,23179.82,44564.9,0,0
146,PAYMENT,9382.77,C805943,24392.08,15009.31,M736194,38437.99,47820.76,0,0
147,CASH_OUT,19651.37,C958922,42899.91,23248.54,C405162,39293.38,58944.75,0,0
147,DEBIT,11599.43,C732574,16982.69,5383.26,C551427,36430.96,48030.39,0,0
147,TRANSFER,21451.35,C956446,23430.77,1979.42,C300970,25330.7,46782.05,0,0
147,CASH_OUT,19633.78,C329823,21052.11,1418.33,C961566,29293.06,48926.84,0,0
147,PAYMENT,6416.7,C218072,18774.97,12358.27,M594358,22281.55,28698.25,0,0
148,DEBIT,19353.99,C452223,20471.42,1117.43,C549090,31564.35,50918.34,0,0
148,CASH_OUT,9812.63,C828956,12644.8,2832.17,C505169,10684.97,20497.6,0,0
149,PAYMENT,19464.24,C178307,49450.52,29986.28,M758573,16718.79,36183.03,0,0
149,PAYMENT,19099.04,C495116,39024.11,19925.07,M298371,45277.25,64376.29,0,0
149,CASH_IN,8493.72,C593924,16700.95,8207.23,C751730,35894.55,44388.27,0,0
149,DEBIT,14126.67,C143223,24581.19,10454.52,C565328,26160.18,40286.85,0,0
150,CASH_OUT,12085.21,C907653,25262.09,13176.88,C396258,39902.28,51987.49,0,0
150,PAYMENT,13109.37,C264583,29825.56,16716.19,M419244,35209.21,48318.58,0,0
151,DEBIT,1540.46,C202504,2199.76,659.3,C524450,25051.6,26592.06,0,0
151,TRANSFER,1018.69,C541302,3036.64,2017.95,C905101,1887.0,2905.69,0,0
152,DEBIT,10427.77,C103759,29472.66,19044.89,C979551,34662.84,45090.61,0,0
152,CASH_IN,16943.46,C764508,35436.61,18493.15,C561357,32264.74,49208.2,0,0
152,TRANSFER,1400.36,C565636,3859.32,2458.96,C411743,42579.58,43979.94,0,0
152,TRANSFER,21815.53,C500390,56374.61,34559.08,C286740,7084.66,28900.19,0,0
152,PAYMENT,21263.23,C363082,47107.1,25843.87,M152964,48748.21,70011.44,0,0
153,PAYMENT,848.46,C794355,1864.02,1015.56,M151146,14041.26,14889.72,0,0
153,PAYMENT,14479.99,C689805,27016.24,12536.25,M587933,18832.95,33312.94,0,0
153,PAYMENT,13056.81,C426364,20382.35,7325.54,M874333,6929.65,19986.46,0,0
154,CASH_OUT,12315.38,C309558,36880.07,24564.69,C331589,22552.91,34868.29,0,0
154,CASH_IN,927.75,C596211,2282.6,1354.85,C454845,39535.06,40462.81,0,0
154,PAYMENT,17242.89,C830707,49317.71,32074.82,M982430,25566.09,42808.98,0,0
154,DEBIT,16097.48,C553605,16335.0,237.52,C140397,26412.11,42509.59,0,0
154,CASH_IN,11792.54,C520912,12018.79,226.25,C986989,34639.48,46432.02,0,0
155,DEBIT,7729.57,C434221,15089.3,7359.73,C660979,13104.98,20834.55,0,0
155,CASH_OUT,7314.66,C120041,14042.37,6727.71,C857139,31551.61,38866.27,0,0
155,PAYMENT,6600.06,C851411,7795.18,1195.12,M738170,24455.17,31055.23,0,0
156,CASH_IN,24015.0,C138828,24756.6,741.6,C750463,26210.43,50225.43,0,0
156,CASH_IN,13973.58,C333503,14288.7,315.12,C880211,41979.98,55953.56,0,0
156,TRANSFER,185.1,C468483,197.97,12.87,C859457,19411.52,19596.62,0,0
156,DEBIT,20354.11,C126956,49811.93,29457.82,C909691,2317.54,22671.65,0,0
157,TRANSFER,11665.91,C196550,33943.39,22277.48,C139438,13605.7,25271.61,0,0
157,CASH_IN,7669.94,C135325,18704.29,11034.35,C218798,8057.74,15727.68,0,0
157,CASH_IN,12885.12,C600909,18147.79,5262.67,C142570,40404.25,53289.37,0,0
158,CASH_IN,12331.48,C587667,31046.81,18715.33,C562870,34826.09,47157.57,0,0
158,DEBIT,19377.51,C533734,57712.89,38335.38,C709194,42826.91,62204.42,0,0
158,TRANSFER,13839.35,C327844,29274.5,15435.15,C281185,42328.62,56167.97,0,0
158,CASH_IN,2873.21,C219400,5271.23,2398.02,C891170,7431.66,10304.87,0,0
158,DEBIT,6003.57,C476012,7017.96,1014.39,C851424,46545.94,52549.51,0,0
159,CASH_IN,8440.44,C441706,13791.58,5351.14,C271246,32765.18,41205.62,0,0
159,CASH_OUT,21012.35,C941315,42198.3,21185.95,C391179,6753.74,27766.09,0,0
159,TRANSFER,4681.13,C303054,8908.22,4227.09,C585928,43221.45,47902.58,0,0
159,CASH_OUT,21418.19,C771895,31562.22,10144.03,C928032,18046.94,39465.13,0,0
160,CASH_IN,1198.09,C245593,2498.87,1300.78,C508199,38105.43,39303.52,0,0
160,TRANSFER,24694.34,C363124,72049.4,47355.06,C480014,17120.3,41814.64,0,0
160,CASH_IN,11676.92,C816897,15991.24,4314.32,C604849,903.87,12580.79,0,0
160,PAYMENT,13171.63,C262300,18813.14,5641.51,M802368,28411.22,41582.85,0,0
160,TRANSFER,22449.16,C709015,38321.53,15872.37,C180962,24747.07,47196.23,0,0
161,CASH_OUT,22065.41,C935777,35968.95,13903.54,C384911,11861.36,33926.77,0,0
161,TRANSFER,12020.48,C443313,28149.05,16128.57,C647874,30027.76,42048.24,0,0
162,CASH_IN,19602.62,C163888,52277.32,32674.7,C933573,5584.78,25187.4,0,0
162,TRANSFER,10559.15,C105700,22511.82,11952.67,C545551,27395.78,37954.93,0,0
163,CASH_IN,14618.05,C212398,24863.54,10245.49,C269445,19178.79,33796.84,0,0
163,CASH_OUT,18676.2,C229424,25313.92,6637.72,C181723,32096.13,50772.33,0,0
163,CASH_IN,15986.53,C650535,36632.55,20646.02,C204232,1236.77,17223.3,0,0
163,TRANSFER,9827.02,C823313,23540.95,13713.93,C105643,35290.14,45117.16,0,0
164,CASH_IN,8650.45,C430406,21476.35,12825.9,C922107,18473.72,27124.17,0,0
164,TRANSFER,17243.73,C194268,40598.09,23354.36,C760597,17133.67,34377.4,0,0
164,TRANSFER,1486.66,C972119,3985.44,2498.78,C705782,30702.46,32189.12,0,0
164,CASH_IN,15916.63,C522345,33934.53,18017.9,C926211,9271.11,25187.74,0,0
165,PAYMENT,24713.25,C775935,29883.35,5170.1,M144023,22980.81,47694.06,0,0
165,PAYMENT,16621.13,C907458,18148.09,1526.96,M480846,36270.38,52891.51,0,0
165,TRANSFER,11533.71,C141996,24895.7,13361.99,C962235,14515.34,26049.05,0,0
166,TRANSFER,9041.25,C772324,16117.41,7076.16,C981418,2614.01,11655.26,0,0
166,CASH_IN,21022.24,C837771,36595.96,15573.72,C555983,4599.76,25622.0,0,0
166,CASH_OUT,18476.55,C173557,37098.44,18621.89,C568940,26971.96,45448.51,0,0
166,CASH_OUT,18345.22,C850107,37451.7,19106.48,C655042,12030.84,30376.06,0,0
167,TRANSFER,17941.85,C299200,33832.96,15891.11,C748053,11190.18,29132.03,0,0
167,CASH_OUT,14711.12,C411281,25932.22,11221.1,C968828,2782.16,17493.28,0,0
167,CASH_OUT,16583.72,C551685,38099.65,21515.93,C661090,48116.18,64699.9,0,0
168,DEBIT,19251.88,C652355,50309.36,31057.48,C832932,19737.34,38989.22,0,0
168,TRANSFER,19550.1,C589442,52723.64,33173.54,C268523,40977.94,60528.04,0,0
168,PAYMENT,795.89,C991944,1758.86,962.97,M628606,39802.05,40597.94,0,0
169,CASH_OUT,18954.29,C908609,29640.62,10686.33,C249483,1032.56,19986.85,0,0
169,CASH_OUT,19222.68,C646406,29805.53,10582.85,C110895,19743.25,38965.93,0,0
169,TRANSFER,5826.31,C505241,8970.59,3144.28,C295628,44674.79,50501.1,0,0
169,CASH_IN,6381.97,C818882,12917.87,6535.9,C400732,11292.5,17674.47,0,0
170,PAYMENT,2364.15,C773371,4439.7,2075.55,M503790,1638.27,4002.42,0,0
170,CASH_OUT,14212.25,C743493,39993.79,25781.54,C772620,29520.77,43733.02,0,0
170,CASH_IN,1689.2,C952255,3024.58,1335.38,C947839,43715.86,45405.06,0,0
170,PAYMENT,10456.78,C102226,24358.98,13902.2,M385415,48473.8,58930.58,0,0
171,DEBIT,19881.92,C383315,58922.02,39040.1,C611002,34136.75,54018.67,0,0
171,DEBIT,3650.82,C752249,7148.78,3497.96,C702787,19622.57,23273.39,0,0
171,TRANSFER,4444.67,C256716,6010.32,1565.65,C493033,2227.42,6672.09,0,0
171,TRANSFER,11306.93,C629502,26571.72,15264.79,C668883,20098.32,31405.25,0,0
171,DEBIT,4832.28,C126276,13045.99,8213.71,C248134,45999.73,50832.01,0,0
172,PAYMENT,3435.64,C662298,7564.54,4128.9,M824532,42705.93,46141.57,0,0
172,CASH_OUT,15972.73,C387660,26502.94,10530.21,C996453,38107.15,54079.88,0,0
173,CASH_IN,8469.44,C786755,13498.68,5029.24,C938190,47600.97,56070.41,0,0
173,DEBIT,6470.7,C336970,15626.24,9155.54,C928480,7764.5,14235.2,0,0
173,PAYMENT,13091.81,C198136,17107.66,4015.85,M963575,38972.45,52064.26,0,0
174,DEBIT,20300.23,C371585,38502.9,18202.67,C413532,1790.82,22091.05,0,0
174,DEBIT,1139.06,C866035,3142.13,2003.07,C722302,7159.87,8298.93,0,0
175,CASH_OUT,372267.71,C603542,372267.71,0.0,C649237,17667.39,41983.99,1,0
175,PAYMENT,4890.49,C151393,12057.44,7166.95,M687273,17006.41,21896.9,0,0
175,PAYMENT,22668.74,C354768,28615.9,5947.16,M924218,4281.88,26950.62,0,0
175,DEBIT,4853.54,C247797,12616.37,7762.83,C395877,27718.98,32572.52,0,0
175,DEBIT,17278.68,C742454,34150.6,16871.92,C395905,19668.32,36947.0,0,0
176,DEBIT,2461.61,C867847,5721.5,3259.89,C938536,43215.18,45676.79,0,0
176,CASH_OUT,15556.03,C193525,16936.22,1380.19,C613244,14590.78,30146.81,0,0
176,DEBIT,11034.32,C568501,24064.21,13029.89,C432577,3889.69,14924.01,0,0
177,TRANSFER,23433.62,C163288,46137.46,22703.84,C141396,49595.94,73029.56,0,0
177,DEBIT,24813.29,C769197,72529.82,47716.53,C314967,27835.77,52649.06,0,0
177,CASH_IN,2279.09,C167735,6289.21,4010.12,C129536,8090.15,10369.24,0,0
178,TRANSFER,19610.53,C460367,51826.29,32215.76,C270423,29733.05,49343.58,0,0
178,CASH_OUT,4457.94,C996844,5888.88,1430.94,C138724,32087.84,36545.78,0,0
179,CASH_OUT,1615.79,C890092,4766.55,3150.76,C861972,25539.39,27155.18,0,0
179,PAYMENT,20009.09,C958109,46208.14,26199.05,M998406,807.55,20816.64,0,0
179,PAYMENT,23725.92,C591353,24007.63,281.71,M552165,14810.42,38536.34,0,0
180,DEBIT,2691.91,C377356,5213.51,2521.6,C752747,7780.62,10472.53,0,0
180,CASH_IN,3472.29,C555702,6191.07,2718.78,C359182,47894.53,51366.82,0,0
180,PAYMENT,17501.43,C834391,45276.75,27775.32,M481387,48625.08,66126.51,0,0
181,PAYMENT,4419.99,C493342,12857.64,8437.65,M933023,18282.81,22702.8,0,0
181,DEBIT,2687.65,C522763,4825.78,2138.13,C251320,20002.51,22690.16,0,0
181,TRANSFER,19644.41,C831222,21815.33,2170.92,C547804,33536.95,53181.36,0,0
181,TRANSFER,2891.83,C255842,8321.11,5429.28,C790125,41201.14,44092.97,0,0
182,DEBIT,18445.0,C938098,54107.24,35662.24,C808249,49049.08,67494.08,0,0
182,CASH_IN,4652.05,C491993,6305.84,1653.79,C938884,7649.54,12301.59,0,0
182,PAYMENT,16091.73,C984249,16482.22,390.49,M330336,30298.88,46390.61,0,0
182,TRANSFER,2543.77,C667049,5614.9,3071.13,C554170,13457.06,16000.83,0,0
182,PAYMENT,8201.27,C900356,23070.73,14869.46,M413004,22772.83,30974.1,0,0
183,PAYMENT,1574.83,C802586,3845.24,2270.41,M635806,36682.75,38257.58,0,0
183,PAYMENT,9657.31,C540659,25570.35,15913.04,M690039,43353.0,53010.31,0,0
183,DEBIT,20273.65,C301560,30814.4,10540.75,C406987,6321.52,26595.17,0,0
183,PAYMENT,16759.67,C674739,43971.33,27211.66,M893191,18961.12,35720.79,0,0
184,CASH_OUT,9099.23,C341524,10803.32,1704.09,C316101,7589.15,16688.38,0,0
184,DEBIT,335.11,C723706,751.58,416.47,C266237,11625.51,11960.62,0,0
184,PAYMENT,17667.91,C147245,26147.52,8479.61,M111446,9195.79,26863.7,0,0
185,PAYMENT,3687.17,C356381,5319.95,1632.78,M848177,8618.23,12305.4,0,0
185,TRANSFER,7804.11,C358617,13811.28,6007.17,C820789,22120.48,29924.59,0,0
185,DEBIT,4187.15,C395891,9504.27,5317.12,C660675,5096.72,9283.87,0,0
186,PAYMENT,10344.38,C302639,15525.76,5181.38,M733595,14494.47,24838.85,0,0
186,CASH_IN,13146.86,C144537,35850.83,22703.97,C913621,14566.81,27713.67,0,0
186,DEBIT,21272.87,C172292,59460.12,38187.25,C642073,17003.0,38275.87,0,0
187,CASH_OUT,24676.45,C296840,65719.22,41042.77,C361452,19228.6,43905.05,0,0
187,DEBIT,3800.39,C639549,7835.21,4034.82,C739354,36368.75,40169.14,0,0
188,DEBIT,13021.16,C549409,35279.36,22258.2,C884738,44230.54,57251.7,0,0
188,DEBIT,3071.28,C701339,6015.56,2944.28,C185260,6308.28,9379.56,0,0
188,CASH_OUT,16371.47,C435831,32929.84,16558.37,C867247,39091.84,55463.31,0,0
188,DEBIT,12329.67,C737266,23147.32,10817.65,C424185,16606.19,28935.86,0,0
188,CASH_IN,1236.27,C189324,1635.39,399.12,C694910,28055.34,29291.61,0,0
189,PAYMENT,9696.61,C912802,15648.82,5952.21,M991805,12781.32,22477.93,0,0
189,PAYMENT,16835.7,C488145,50443.05,33607.35,M433068,25831.49,42667.19,0,0
190,DEBIT,16574.18,C447421,35468.51,18894.33,C508852,7399.68,23973.86,0,0
190,DEBIT,22078.25,C260380,56739.77,34661.52,C535753,16946.35,39024.6,0,0
190,CASH_OUT,3769.7,C331466,10290.67,6520.97,C661673,14863.69,18633.39,0,0
190,PAYMENT,21281.61,C786474,22665.86,1384.25,M273338,44875.44,66157.05,0,0
191,CASH_OUT,23686.07,C704637,69069.06,45382.99,C216593,13419.79,37105.86,0,0
191,CASH_OUT,21993.96,C596900,53608.67,31614.71,C940556,47322.33,69316.29,0,0
191,PAYMENT,3182.56,C128578,7427.77,4245.21,M607956,6001.2,9183.76,0,0
191,CASH_IN,7515.52,C275814,8185.07,669.55,C128772,3322.62,10838.14,0,0
192,TRANSFER,5478.34,C614943,9664.85,4186.51,C541302,32900.0,38378.34,0,0
192,CASH_IN,3018.82,C806329,3019.26,0.44,C167428,43631.01,46649.83,0,0
192,TRANSFER,22974.53,C434653,68732.38,45757.85,C562132,12237.92,35212.45,0,0
193,CASH_OUT,11979.53,C821912,27566.21,15586.68,C102781,33948.91,45928.44,0,0
193,PAYMENT,2540.36,C828002,4006.27,1465.91,M764852,31453.15,33993.51,0,0
194,TRANSFER,19806.49,C605328,43284.13,23477.64,C824551,48939.09,68745.58,0,0
194,TRANSFER,21591.9,C800807,53430.19,31838.29,C925919,31316.79,52908.69,0,0
194,CASH_OUT,15763.27,C472996,24115.82,8352.55,C277368,24816.08,40579.35,0,0
195,DEBIT,20989.02,C538914,36629.3,15640.28,C956908,43730.52,64719.54,0,0
195,DEBIT,24679.27,C814996,55762.92,31083.65,C101194,36952.0,61631.27,0,0
195,PAYMENT,8374.75,C421780,18030.57,9655.82,M311380,22040.56,30415.31,0,0
195,TRANSFER,915.98,C942295,1146.2,230.22,C826284,16214.08,17130.06,0,0
195,DEBIT,1589.99,C280392,1778.14,188.15,C181285,47631.88,49221.87,0,0
196,CASH_IN,2784.84,C813874,3934.26,1149.42,C557117,6159.38,8944.22,0,0
196,CASH_OUT,16051.59,C850376,38488.26,22436.67,C751305,41317.85,57369.44,0,0
196,CASH_IN,15181.0,C794815,23444.78,8263.78,C739501,7107.13,22288.13,0,0
196,DEBIT,23896.6,C471418,27289.58,3392.98,C505077,15419.21,39315.81,0,0
196,CASH_IN,18051.56,C376124,42128.25,24076.69,C986403,34165.41,52216.97,0,0
197,DEBIT,17251.05,C137872,44697.24,27446.19,C700402,49003.96,66255.01,0,0
197,DEBIT,22326.88,C865321,61656.89,39330.01,C139852,8754.41,31081.29,0,0
197,TRANSFER,3682.71,C915490,6311.96,2629.25,C499839,20037.54,23720.25,0,0
197,PAYMENT,23227.58,C860388,45917.86,22690.28,M664510,24247.63,47475.21,0,0
198,TRANSFER,1941.2,C542001,5308.6,3367.4,C840136,41220.18,43161.38,0,0
198,CASH_IN,11099.17,C570272,30045.98,18946.81,C249229,9812.28,20911.45,0,0
198,CASH_OUT,16168.96,C400409,26697.2,10528.24,C304593,35954.4,52123.36,0,0
198,DEBIT,7708.74,C765872,14622.22,6913.48,C345181,4052.32,11761.06,0,0
199,PAYMENT,21793.82,C958168,64402.47,42608.65,M720243,21472.51,43266.33,0,0
199,DEBIT,11276.27,C830657,17713.91,6437.64,C633947,44131.36,55407.63,0,0
199,PAYMENT,23389.86,C448340,40157.24,16767.38,M661122,38556.3,61946.16,0,0
199,CASH_OUT,12653.37,C233940,14666.66,2013.29,C834551,24200.18,36853.55,0,0
199,CASH_IN,2535.62,C765357,2881.51,345.89,C208489,15707.51,18243.13,0,0
200,PAYMENT,2551.07,C955534,6484.56,3933.49,M525546,8572.38,11123.45,0,0
200,CASH_IN,19309.82,C745783,26065.29,6755.47,C884955,15400.85,34710.67,0,0
200,PAYMENT,20621.74,C794531,47687.03,27065.29,M938408,42246.43,62868.17,0,0
201,CASH_IN,17795.66,C388346,25991.98,8196.32,C529659,5526.38,23322.04,0,0
201,TRANSFER,10597.9,C614049,20857.54,10259.64,C447335,34216.81,44814.71,0,0
201,CASH_OUT,21369.58,C328414,25218.08,3848.5,C437538,20488.29,41857.87,0,0
201,PAYMENT,4880.02,C116026,10264.17,5384.15,M807337,18425.18,23305.2,0,0
202,TRANSFER,15238.21,C950989,42018.58,26780.37,C315542,32734.2,47972.41,0,0
202,CASH_OUT,1432.24,C119819,3578.46,2146.22,C713377,30988.89,32421.13,0,0
202,TRANSFER,21361.46,C345545,51600.47,30239.01,C397193,41898.83,63260.29,0,0
202,DEBIT,18578.78,C253814,34001.11,15422.33,C112971,8623.76,27202.54,0,0
202,TRANSFER,12161.91,C923225,26395.59,14233.68,C473115,42732.41,54894.32,0,0
203,DEBIT,16104.47,C558983,27883.02,11778.55,C113299,21095.54,37200.01,0,0
203,CASH_OUT,9436.42,C917995,13078.28,3641.86,C844529,31294.13,40730.55,0,0
203,TRANSFER,8510.76,C427090,12677.79,4167.03,C496422,40423.94,48934.7,0,0
203,CASH_OUT,20633.65,C696162,34366.63,13732.98,C383874,6033.97,26667.62,0,0
203,CASH_IN,24744.13,C931272,48699.13,23955.0,C555440,46411.16,71155.29,0,0
204,PAYMENT,10670.9,C458059,31425.42,20754.52,M936705,26926.86,37597.76,0,0
204,CASH_IN,10843.84,C875063,20127.89,9284.05,C963367,27834.26,38678.1,0,0
204,CASH_OUT,23841.93,C189263,40796.2,16954.27,C864072,28884.97,52726.9,0,0
204,DEBIT,12127.04,C859067,12692.32,565.28,C865393,37439.87,49566.91,0,0
204,CASH_IN,14778.95,C755651,23791.97,9013.02,C306524,37974.75,52753.7,0,0
205,PAYMENT,3285.72,C863625,3367.04,81.32,M750072,6310.03,9595.75,0,0
205,PAYMENT,7548.91,C266362,7839.64,290.73,M139932,430.58,7979.49,0,0
205,TRANSFER,7445.22,C902001,9578.5,2133.28,C750911,34162.94,41608.16,0,0
205,CASH_IN,21145.84,C568762,28375.85,7230.01,C842982,28994.75,50140.59,0,0
206,DEBIT,74.21,C967683,155.11,80.9,C362518,3703.42,3777.63,0,0
206,PAYMENT,21483.85,C680613,54764.78,33280.93,M552770,15688.02,37171.87,0,0
206,CASH_IN,19985.39,C988687,27191.1,7205.71,C569995,32195.28,52180.67,0,0
206,CASH_IN,9358.92,C819349,19506.06,10147.14,C945645,8212.33,17571.25,0,0
207,DEBIT,8959.43,C819807,21235.8,12276.37,C365913,21094.28,30053.71,0,0
207,DEBIT,7758.74,C703501,17059.04,9300.3,C189546,31767.79,39526.53,0,0
207,TRANSFER,334.3,C879912,573.37,239.07,C248622,3260.95,3595.25,0,0
207,TRANSFER,9876.75,C566434,17553.42,7676.67,C581442,46508.4,56385.15,0,0
207,CASH_OUT,13420.66,C349182,17232.29,3811.63,C511659,12623.26,26043.92,0,0
208,DEBIT,13503.7,C120766,24047.02,10543.32,C956022,23853.63,37357.33,0,0
208,CASH_IN,8255.18,C531152,16725.85,8470.67,C699030,32786.78,41041.96,0,0
208,PAYMENT,24858.19,C376856,67088.54,42230.35,M268032,13201.73,38059.92,0,0
208,CASH_OUT,12008.97,C358820,23997.29,11988.32,C169937,41508.68,53517.65,0,0
208,CASH_OUT,1419.5,C317359,3196.61,1777.11,C949296,9555.51,10975.01,0,0
209,DEBIT,22385.63,C760589,58725.77,36340.14,C181912,44579.97,66965.6,0,0
209,CASH_OUT,7394.21,C663175,12371.76,4977.55,C902069,44573.4,51967.61,0,0
210,CASH_OUT,12323.96,C998066,22802.7,10478.74,C628576,7236.85,19560.81,0,0
210,CASH_OUT,12060.22,C844927,25728.79,13668.57,C264354,3670.93,15731.15,0,0
210,TRANSFER,19262.11,C585159,38092.66,18830.55,C189557,23610.88,42872.99,0,0
210,CASH_IN,18293.36,C263326,33542.68,15249.32,C367772,527.52,18820.88,0,0
210,DEBIT,16725.4,C803809,36912.9,20187.5,C832487,26402.47,43127.87,0,0
211,CASH_OUT,10633.72,C237668,25132.17,14498.45,C623939,24767.29,35401.01,0,0
211,CASH_OUT,23821.39,C853468,37240.79,13419.4,C302306,34351.4,58172.79,0,0
211,DEBIT,19171.41,C198643,41012.3,21840.89,C189232,21785.32,40956.73,0,0
211,TRANSFER,23244.16,C913869,28114.82,4870.66,C710976,13781.03,37025.19,0,0
212,CASH_OUT,12412.93,C662576,19151.74,6738.81,C841126,41380.26,53793.19,0,0
212,CASH_OUT,19053.17,C458149,54691.81,35638.64,C792029,25098.06,44151.23,0,0
212,TRANSFER,1936.62,C216036,3701.29,1764.67,C701983,43201.66,45138.28,0,0
212,PAYMENT,21311.0,C839331,46364.21,25053.21,M602600,49572.15,70883.15,0,0
212,DEBIT,8352.97,C470278,18080.13,9727.16,C597016,30267.77,38620.74,0,0
213,DEBIT,16862.19,C197370,40694.03,23831.84,C264475,47913.92,64776.11,0,0
213,DEBIT,10454.85,C520033,13351.93,2897.08,C393632,26837.07,37291.92,0,0
214,CASH_OUT,13110.16,C447913,13254.83,144.67,C666122,31126.6,44236.76,0,0
214,CASH_IN,20154.59,C419358,28872.14,8717.55,C489858,7252.52,27407.11,0,0
214,CASH_OUT,2828.13,C138950,6518.47,3690.34,C578213,46664.59,49492.72,0,0
214,CASH_OUT,20066.98,C603813,58300.17,38233.19,C264351,8764.31,28831.29,0,0
215,TRANSFER,7124.11,C548854,7997.39,873.28,C190058,10756.79,17880.9,0,0
215,PAYMENT,11574.1,C742619,29088.02,17513.92,M351136,49035.57,60609.67,0,0
215,CASH_OUT,22434.78,C495028,39575.17,17140.39,C403340,13162.77,35597.55,0,0
215,PAYMENT,10770.64,C966667,18638.03,7867.39,M831062,19327.0,30097.64,0,0
216,DEBIT,19422.71,C945473,38970.6,19547.89,C335713,10381.0,29803.71,0,0
216,TRANSFER,23924.99,C881322,67978.28,44053.29,C844558,15440.53,39365.52,0,0
216,CASH_IN,17747.43,C575107,33800.7,16053.27,C128909,11603.3,29350.73,0,0
217,PAYMENT,5054.8,C128483,10430.6,5375.8,M272713,37751.91,42806.71,0,0
217,CASH_OUT,22527.3,C498361,60764.62,38237.32,C732921,35598.68,58125.98,0,0
217,PAYMENT,6352.53,C551645,8079.45,1726.92,M565355,17136.02,23488.55,0,0
217,PAYMENT,14133.37,C303896,29020.28,14886.91,M115555,47798.3,61931.67,0,0
217,DEBIT,6476.05,C672782,13897.53,7421.48,C197577,22298.03,28774.08,0,0
218,PAYMENT,8631.3,C416623,20251.22,11619.92,M579318,20395.67,29026.97,0,0
218,PAYMENT,7983.7,C702396,11376.77,3393.07,M788027,31221.55,39205.25,0,0
218,CASH_OUT,21582.36,C411915,62821.16,41238.8,C298206,36695.77,58278.13,0,0
219,DEBIT,1888.51,C328168,2195.54,307.03,C753028,25761.82,27650.33,0,0
219,CASH_IN,13485.9,C208015,27543.96,14058.06,C418778,27329.64,40815.54,0,0
219,PAYMENT,12766.86,C563315,21803.38,9036.52,M435827,43374.97,56141.83,0,0
219,CASH_OUT,2179.47,C529896,2453.65,274.18,C968224,32250.95,34430.42,0,0
219,CASH_IN,3616.32,C397318,9285.6,5669.28,C543459,17296.94,20913.26,0,0
220,TRANSFER,8912.48,C131755,25570.97,16658.49,C971195,44793.63,53706.11,0,0
220,DEBIT,20726.05,C226665,57308.19,36582.14,C858442,10482.76,31208.81,0,0
221,PAYMENT,8530.26,C141580,20789.79,12259.53,M568577,22882.74,31413.0,0,0
221,CASH_IN,9087.5,C787470,9427.58,340.08,C393334,35673.07,44760.57,0,0
221,DEBIT,11081.43,C692192,27678.57,16597.14,C296954,49469.16,60550.59,0,0
221,PAYMENT,4267.99,C982604,7307.75,3039.76,M343855,43167.45,47435.44,0,0
222,CASH_IN,11707.58,C828521,26527.43,14819.85,C659567,36533.91,48241.49,0,0
222,DEBIT,4540.3,C667560,8466.58,3926.28,C835357,5832.84,10373.14,0,0
222,PAYMENT,5098.49,C577211,7847.37,2748.88,M451834,37656.96,42755.45,0,0
222,CASH_OUT,20846.81,C938280,39724.21,18877.4,C816843,18990.52,39837.33,0,0
223,PAYMENT,3186.49,C675202,7457.64,4271.15,M260838,322.53,3509.02,0,0
223,CASH_OUT,871.69,C807190,2017.83,1146.14,C790383,14992.03,15863.72,0,0
224,DEBIT,16895.77,C378220,25164.72,8268.95,C570946,11637.28,28533.05,0,0
224,TRANSFER,13928.01,C272767,39490.73,25562.72,C162750,39361.64,53289.65,0,0
224,CASH_IN,5558.91,C809953,8964.1,3405.19,C212009,45062.39,50621.3,0,0
224,DEBIT,18384.69,C402354,37294.73,18910.04,C191072,44.39,18429.08,0,0
225,CASH_IN,4663.22,C256795,7434.34,2771.12,C169419,8501.44,13164.66,0,0
225,PAYMENT,79.6,C583590,100.06,20.46,M918107,15993.65,16073.25,0,0
225,DEBIT,7320.68,C154997,16383.93,9063.25,C119340,33333.7,40654.38,0,0
226,TRANSFER,13708.12,C862924,36382.29,22674.17,C224166,44638.8,58346.92,0,0
226,CASH_IN,9487.15,C520532,28320.4,18833.25,C478296,15142.01,24629.16,0,0
226,CASH_OUT,14337.1,C361093,17790.6,3453.5,C865897,13490.67,27827.77,0,0
227,CASH_OUT,13898.61,C501926,19243.04,5344.43,C698279,42570.25,56468.86,0,0
227,TRANSFER,13703.89,C864194,35340.94,21637.05,C718062,18178.0,31881.89,0,0
227,PAYMENT,22632.77,C438376,61347.02,38714.25,M239062,13557.63,36190.4,0,0
227,DEBIT,10672.23,C348163,26920.21,16247.98,C154374,36217.73,46889.96,0,0
228,TRANSFER,19948.49,C881767,50863.15,30914.66,C504497,30608.97,50557.46,0,0
228,PAYMENT,7841.44,C343735,13611.38,5769.94,M842254,14207.59,22049.03,0,0
229,CASH_OUT,20343.71,C156425,58913.86,38570.15,C258736,34914.22,55257.93,0,0
229,DEBIT,16099.89,C451560,22856.75,6756.86,C718352,10649.4,26749.29,0,0
229,CASH_OUT,6655.51,C975613,14587.23,7931.72,C896971,11657.36,18312.87,0,0
230,CASH_OUT,190564.33,C505848,190564.33,0.0,C613993,15397.4,19000.46,1,0
230,CASH_IN,7068.19,C116297,11805.41,4737.22,C409713,13786.19,20854.38,0,0
231,CASH_OUT,8443.91,C488091,22843.7,14399.79,C407769,25432.34,33876.25,0,0
231,PAYMENT,12307.37,C925136,24859.83,12552.46,M385494,5033.45,17340.82,0,0
232,PAYMENT,12665.22,C108830,16357.37,3692.15,M168308,31273.13,43938.35,0,0
232,TRANSFER,10916.24,C753112,21346.49,10430.25,C274802,25095.06,36011.3,0,0
232,CASH_OUT,13823.01,C119710,15840.76,2017.75,C839501,30695.95,44518.96,0,0
232,CASH_IN,14675.63,C240825,27091.7,12416.07,C784662,6106.19,20781.82,0,0
232,CASH_OUT,6896.12,C870772,8396.39,1500.27,C853613,32697.6,39593.72,0,0
233,CASH_OUT,8916.63,C162810,18157.67,9241.04,C813652,13210.93,22127.56,0,0
233,DEBIT,24829.69,C378574,64278.57,39448.88,C925617,49023.99,73853.68,0,0
234,CASH_OUT,7971.34,C290898,10880.45,2909.11,C264966,44384.33,52355.67,0,0
234,CASH_OUT,56.1,C452811,134.56,78.46,C384351,18163.42,18219.52,0,0
235,TRANSFER,10617.91,C384767,17895.86,7277.95,C167935,8650.53,19268.44,0,0
235,TRANSFER,10048.36,C741233,11309.93,1261.57,C177711,10249.62,20297.98,0,0
235,CASH_OUT,16579.84,C225031,43988.81,27408.97,C420258,42027.59,58607.43,0,0
235,PAYMENT,4180.17,C665142,4273.27,93.1,M320106,39003.4,43183.57,0,0
235,DEBIT,5842.6,C396309,11831.86,5989.26,C687146,43318.85,49161.45,0,0
236,CASH_OUT,20334.32,C248831,24466.9,4132.58,C823648,22948.89,43283.21,0,0
236,PAYMENT,7498.25,C868762,18551.41,11053.16,M890902,28986.87,36485.12,0,0
236,TRANSFER,8309.67,C430293,19460.41,11150.74,C743972,19997.14,28306.81,0,0
236,DEBIT,22702.46,C117685,25046.84,2344.38,C779703,2343.51,25045.97,0,0
237,CASH_OUT,9796.32,C738993,23886.64,14090.32,C537919,6375.95,16172.27,0,0
237,CASH_OUT,15832.69,C526988,34851.91,19019.22,C417015,30384.11,46216.8,0,0
237,TRANSFER,15880.99,C936946,42222.5,26341.51,C765594,42079.99,57960.98,0,0
238,PAYMENT,14572.83,C346846,19011.95,4439.12,M595083,29093.98,43666.81,0,0
238,CASH_OUT,22512.01,C781868,24497.81,1985.8,C167457,6128.5,28640.51,0,0
238,TRANSFER,8417.6,C475104,10528.82,2111.22,C938526,30859.13,39276.73,0,0
239,DEBIT,18583.75,C439982,49804.56,31220.81,C649355,13331.66,31915.41,0,0
239,TRANSFER,21650.02,C354413,44706.06,23056.04,C409961,25038.97,46688.99,0,0
239,TRANSFER,22423.17,C448639,27712.28,5289.11,C797337,30202.72,52625.89,0,0
239,DEBIT,24281.82,C326663,26352.31,2070.49,C817358,48708.33,72990.15,0,0
239,DEBIT,6659.91,C395589,17428.24,10768.33,C337074,48902.19,55562.1,0,0
240,CASH_OUT,22942.09,C580556,24592.49,1650.4,C831996,1658.84,24600.93,0,0
240,TRANSFER,17925.58,C875505,49042.24,31116.66,C152155,35847.19,53772.77,0,0
240,CASH_IN,2054.21,C145288,5641.85,3587.64,C295864,42051.87,44106.08,0,0
240,CASH_OUT,14875.31,C566403,22399.98,7524.67,C486304,16989.0,31864.31,0,0
240,CASH_OUT,12933.04,C246187,12992.95,59.91,C682877,1415.21,14348.25,0,0
241,TRANSFER,20027.53,C529721,52419.45,32391.92,C794216,15455.71,35483.24,0,0
241,TRANSFER,12096.4,C888242,18223.18,6126.78,C823805,10286.2,22382.6,0,0
241,CASH_OUT,6091.86,C654537,6119.66,27.8,C845998,46100.09,52191.95,0,0
241,CASH_OUT,9456.24,C200693,25947.17,16490.93,C994492,13142.46,22598.7,0,0
242,TRANSFER,17127.28,C523036,31159.89,14032.61,C843684,16087.74,33215.02,0,0
242,CASH_OUT,24759.13,C627533,54313.75,29554.62,C942243,40757.28,65516.41,0,0
242,TRANSFER,887.03,C565542,2060.02,1172.99,C891355,49244.25,50131.28,0,0
242,DEBIT,23993.01,C927961,37828.73,13835.72,C783473,5894.98,29887.99,0,0
243,DEBIT,15029.12,C985162,34362.74,19333.62,C381991,6924.27,21953.39,0,0
243,TRANSFER,3376.42,C796186,10115.21,6738.79,C695728,40215.25,43591.67,0,0
244,DEBIT,16592.76,C775275,27446.23,10853.47,C822416,31292.51,47885.27,0,0
244,TRANSFER,265.22,C881716,636.44,371.22,C172707,28266.63,28531.85,0,0
244,PAYMENT,4146.38,C813630,10678.25,6531.87,M996973,42133.26,46279.64,0,0
244,PAYMENT,15931.51,C567928,45843.49,29911.98,M132890,21641.78,37573.29,0,0
245,DEBIT,21824.54,C725286,30965.51,9140.97,C244885,32612.02,54436.56,0,0
245,CASH_OUT,7045.86,C925329,20540.01,13494.15,C241525,18274.44,25320.3,0,0
246,TRANSFER,1777.64,C838475,2534.95,757.31,C275864,34334.49,36112.13,0,0
246,CASH_OUT,18160.15,C849670,52407.19,34247.04,C645888,9527.28,27687.43,0,0
246,PAYMENT,18786.31,C139059,26879.75,8093.44,M276187,6662.54,25448.85,0,0
246,DEBIT,9256.53,C137366,16473.3,7216.77,C647155,12028.31,21284.84,0,0
247,CASH_IN,7845.79,C411841,22724.04,14878.25,C417494,10486.29,18332.08,0,0
247,CASH_OUT,18114.82,C575336,27048.78,8933.96,C371395,21030.15,39144.97,0,0
247,CASH_OUT,15839.59,C916253,45380.22,29540.63,C371263,49187.07,65026.66,0,0
248,PAYMENT,19817.61,C578060,54348.85,34531.24,M707080,30474.49,50292.1,0,0
248,TRANSFER,491.63,C472366,1334.52,842.89,C514926,35452.05,35943.68,0,0
248,CASH_IN,11676.46,C406696,19334.16,7657.7,C915071,4650.08,16326.54,0,0
248,CASH_IN,10866.52,C553468,17165.63,6299.11,C253203,10111.48,20978.0,0,0
249,PAYMENT,10353.64,C737867,15910.49,5556.85,M867905,13932.08,24285.72,0,0
249,TRANSFER,11198.71,C310101,26178.21,14979.5,C280976,22557.44,33756.15,0,0
249,TRANSFER,5855.63,C521450,7687.39,1831.76,C426066,23994.68,29850.31,0,0
249,CASH_OUT,17203.24,C913541,46264.51,29061.27,C943661,16542.44,33745.68,0,0
249,CASH_IN,1028.93,C588392,3075.73,2046.8,C554878,49561.71,50590.64,0,0
250,TRANSFER,24202.88,C382286,67539.57,43336.69,C777706,17162.63,41365.51,0,0
250,CASH_OUT,7208.51,C126936,7559.96,351.45,C377382,15589.04,22797.55,0,0
250,DEBIT,14577.48,C819495,29312.69,14735.21,C647771,11251.69,25829.17,0,0
250,TRANSFER,20297.53,C405601,29713.3,9415.77,C348068,25082.75,45380.28,0,0
251,DEBIT,16396.37,C901278,34977.23,18580.86,C455226,7500.77,23897.14,0,0
251,CASH_OUT,1713.59,C331144,3839.22,2125.63,C751953,28323.24,30036.83,0,0
251,DEBIT,21745.88,C186140,64120.34,42374.46,C642522,18903.48,40649.36,0,0
251,CASH_OUT,1828.02,C591066,4590.65,2762.63,C383738,14652.07,16480.09,0,0
252,CASH_OUT,24214.84,C860916,52887.12,28672.28,C253046,32970.87,57185.71,0,0
252,CASH_IN,16421.7,C812123,25550.07,9128.37,C397116,31452.07,47873.77,0,0
252,TRANSFER,24095.59,C850835,39359.73,15264.14,C293773,18721.92,42817.51,0,0
252,DEBIT,21946.4,C375888,41774.83,19828.43,C846878,26811.41,48757.81,0,0
252,CASH_OUT,20979.2,C248558,47099.71,26120.51,C139857,41501.7,62480.9,0,0
253,CASH_OUT,17217.81,C634143,22257.34,5039.53,C843137,29390.46,46608.27,0,0
253,CASH_IN,3190.04,C223696,4917.23,1727.19,C970180,7907.01,11097.05,0,0
254,PAYMENT,11696.92,C108765,14069.84,2372.92,M634925,8552.04,20248.96,0,0
254,PAYMENT,20008.28,C628996,40270.18,20261.9,M450964,38394.17,58402.45,0,0
254,DEBIT,18308.23,C699370,50195.4,31887.17,C730638,49958.37,68266.6,0,0
254,CASH_IN,2846.1,C427726,7419.34,4573.24,C743570,41756.96,44603.06,0,0
255,TRANSFER,10820.6,C551785,20421.86,9601.26,C966981,33679.91,44500.51,0,0
255,PAYMENT,10378.68,C736951,23694.2,13315.52,M154803,11833.35,22212.03,0,0
256,CASH_IN,12265.92,C751848,29041.83,16775.91,C363612,6690.65,18956.57,0,0
256,CASH_IN,2163.48,C270809,4385.22,2221.74,C817669,32551.71,34715.19,0,0
256,DEBIT,7815.29,C258336,21860.37,14045.08,C969199,1843.5,9658.79,0,0
257,DEBIT,16119.15,C345547,19695.43,3576.28,C324415,45570.43,61689.58,0,0
257,CASH_OUT,22465.66,C767352,46981.91,24516.25,C734697,46951.89,69417.55,0,0
257,CASH_IN,22850.12,C549452,46861.16,24011.04,C999093,42555.41,65405.53,0,0
257,PAYMENT,863.17,C761254,934.32,71.15,M568062,10495.32,11358.49,0,0
257,CASH_IN,9290.82,C982778,21911.28,12620.46,C168908,1038.05,10328.87,0,0
258,DEBIT,1887.89,C194275,5386.19,3498.3,C959987,43507.36,45395.25,0,0
258,TRANSFER,3743.01,C753730,7365.67,3622.66,C754178,5532.26,9275.27,0,0
258,DEBIT,13155.97,C445390,21571.28,8415.31,C430597,40773.95,53929.92,0,0
258,DEBIT,15947.77,C917113,33775.93,17828.16,C492365,1087.93,17035.7,0,0
258,CASH_IN,15892.7,C345887,46103.3,30210.6,C544480,30216.33,46109.03,0,0
259,TRANSFER,20659.87,C237013,58736.64,38076.77,C926798,34142.5,54802.37,0,0
259,PAYMENT,4343.58,C857442,12261.74,7918.16,M130647,12990.19,17333.77,0,0
259,CASH_OUT,14531.01,C888708,42278.74,27747.73,C126313,37644.15,52175.16,0,0
259,TRANSFER,9718.17,C179752,21247.29,11529.12,C695865,24690.18,34408.35,0,0
260,PAYMENT,9735.45,C804882,26079.76,16344.31,M942482,17108.06,26843.51,0,0
260,CASH_IN,636.79,C120963,752.38,115.59,C386325,23165.39,23802.18,0,0
260,PAYMENT,12794.19,C674502,28182.73,15388.54,M138951,15444.72,28238.91,0,0
260,TRANSFER,21139.22,C802505,36432.6,15293.38,C543873,35295.2,56434.42,0,0
260,PAYMENT,19174.18,C958115,52432.27,33258.09,M876905,39086.53,58260.71,0,0
261,TRANSFER,16997.79,C928300,36486.55,19488.76,C269412,35259.17,52256.96,0,0
261,DEBIT,11948.62,C746959,30578.38,18629.76,C607526,1635.2,13583.82,0,0
261,DEBIT,23333.94,C814222,60081.58,36747.64,C454336,7291.7,30625.64,0,0
261,CASH_OUT,17155.61,C615953,48184.5,31028.89,C226783,18943.32,36098.93,0,0
262,CASH_IN,6220.71,C913946,17810.96,11590.25,C760845,284.8,6505.51,0,0
262,TRANSFER,7363.26,C270362,10420.81,3057.55,C350732,15118.7,22481.96,0,0
262,TRANSFER,18267.71,C599018,47414.72,29147.01,C841895,23655.38,41923.09,0,0
262,PAYMENT,22624.2,C772395,47231.37,24607.17,M295272,16745.16,39369.36,0,0
262,TRANSFER,2169.2,C948140,2819.0,649.8,C514494,8375.65,10544.85,0,0
263,CASH_IN,9839.18,C398924,23912.27,14073.09,C575736,40566.67,50405.85,0,0
263,TRANSFER,14462.35,C709204,24696.6,10234.25,C519726,7923.35,22385.7,0,0
263,CASH_IN,485.32,C764031,1282.93,797.61,C151534,21886.35,22371.67,0,0
263,PAYMENT,2384.85,C471224,5304.19,2919.34,M961741,29632.28,32017.13,0,0
264,TRANSFER,8448.43,C216662,14990.45,6542.02,C529593,9544.17,17992.6,0,0
264,TRANSFER,2044.05,C102286,4246.46,2202.41,C497716,47312.9,49356.95,0,0
264,CASH_OUT,19782.94,C736207,33976.05,14193.11,C792351,11594.04,31376.98,0,0
264,TRANSFER,13478.28,C176368,19876.27,6397.99,C358958,23010.99,36489.27,0,0
265,PAYMENT,15977.97,C895914,16145.4,167.43,M184487,23054.53,39032.5,0,0
265,DEBIT,11430.67,C837036,22668.56,11237.89,C663372,41360.15,52790.82,0,0
265,PAYMENT,9733.17,C964863,10372.75,639.58,M269809,25111.21,34844.38,0,0
265,PAYMENT,1077.74,C967010,2547.21,1469.47,M382691,15884.57,16962.31,0,0
265,PAYMENT,6721.88,C421046,16494.91,9773.03,M925287,268.76,6990.64,0,0
266,PAYMENT,20036.87,C304718,20364.39,327.52,M101929,40092.37,60129.24,0,0
266,CASH_IN,6698.17,C144289,8527.82,1829.65,C916452,24586.18,31284.35,0,0
267,CASH_IN,10241.07,C962023,29068.2,18827.13,C999972,653.22,10894.29,0,0
267,DEBIT,19172.44,C828867,33551.4,14378.96,C818056,32019.06,51191.5,0,0
267,DEBIT,4724.94,C695913,13839.13,9114.19,C564775,29856.46,34581.4,0,0
267,CASH_OUT,17032.65,C934861,32341.46,15308.81,C950795,47326.51,64359.16,0,0
268,PAYMENT,12929.04,C143447,24443.39,11514.35,M414030,4557.14,17486.18,0,0
268,TRANSFER,2140.79,C302653,2976.91,836.12,C286705,8861.1,11001.89,0,0
269,CASH_OUT,18387.08,C684999,30848.83,12461.75,C844451,29502.73,47889.81,0,0
269,CASH_OUT,9152.01,C226775,20057.4,10905.39,C695543,43327.18,52479.19,0,0
269,TRANSFER,19592.95,C745875,33570.74,13977.79,C740136,47971.12,67564.07,0,0
269,DEBIT,9142.92,C101612,9776.93,634.01,C344504,11605.44,20748.36,0,0
270,CASH_IN,3038.93,C282346,3375.62,336.69,C941404,2087.48,5126.41,0,0
270,CASH_OUT,6811.57,C889994,9412.09,2600.52,C202944,29711.3,36522.87,0,0
270,CASH_IN,5091.24,C492855,13801.36,8710.12,C135321,8780.74,13871.98,0,0
270,CASH_OUT,16175.45,C145376,25440.79,9265.34,C551029,31968.94,48144.39,0,0
270,CASH_IN,15700.72,C226290,47040.63,31339.91,C119881,1296.0,16996.72,0,0
271,CASH_OUT,17966.37,C308007,31485.45,13519.08,C277171,26011.37,43977.74,0,0
271,TRANSFER,2912.3,C192383,3163.91,251.61,C566129,45122.21,48034.51,0,0
272,CASH_OUT,111.62,C101580,211.95,100.33,C979613,4659.41,4771.03,0,0
272,CASH_OUT,24349.19,C819239,53291.19,28942.0,C880294,26368.29,50717.48,0,0
272,PAYMENT,3981.11,C728056,6704.02,2722.91,M353270,22796.62,26777.73,0,0
272,TRANSFER,20155.11,C525198,37883.8,17728.69,C946755,21088.62,41243.73,0,0
273,PAYMENT,11444.62,C355184,30270.45,18825.83,M306174,26750.34,38194.96,0,0
273,CASH_OUT,8067.35,C260111,22142.28,14074.93,C961782,2688.94,10756.29,0,0
274,TRANSFER,7317.76,C136102,21387.75,14069.99,C225409,23648.95,30966.71,0,0
274,CASH_IN,20744.91,C889583,43581.41,22836.5,C530972,5137.67,25882.58,0,0
274,PAYMENT,21370.59,C249176,27640.85,6270.26,M647412,37080.71,58451.3,0,0
275,CASH_IN,14096.07,C555029,29485.94,15389.87,C958911,47660.02,61756.09,0,0
275,PAYMENT,10118.87,C562776,13722.79,3603.92,M374727,31995.19,42114.06,0,0
275,DEBIT,15500.64,C164748,32548.54,17047.9,C475189,19814.36,35315.0,0,0
276,TRANSFER,9153.2,C663936,23282.38,14129.18,C919084,40036.62,49189.82,0,0
276,TRANSFER,17340.63,C129963,40347.88,23007.25,C972027,28329.45,45670.08,0,0
276,DEBIT,19686.63,C947144,28046.13,8359.5,C927019,49791.76,69478.39,0,0
276,CASH_IN,18820.42,C644432,40036.59,21216.17,C764818,6681.9,25502.32,0,0
276,CASH_IN,9404.36,C774674,21951.53,12547.17,C478691,23402.54,32806.9,0,0
277,DEBIT,20923.06,C396920,52762.34,31839.28,C738123,41094.12,62017.18,0,0
277,DEBIT,2030.75,C349316,3405.78,1375.03,C968046,42084.2,44114.95,0,0
277,TRANSFER,13050.03,C516148,36929.14,23879.11,C159842,33439.7,46489.73,0,0
277,TRANSFER,24572.08,C140196,72976.9,48404.82,C870171,26553.95,51126.03,0,0
277,PAYMENT,10983.81,C374319,26918.78,15934.97,M353130,26771.31,37755.12,0,0
278,DEBIT,1542.92,C223018,1841.92,299.0,C467460,34054.42,35597.34,0,0
278,PAYMENT,6450.43,C820125,11133.18,4682.75,M970235,26772.93,33223.36,0,0
279,CASH_IN,20156.25,C387450,40154.41,19998.16,C848445,25545.81,45702.06,0,0
279,TRANSFER,18900.78,C356778,33626.79,14726.01,C120270,22011.63,40912.41,0,0
279,CASH_OUT,23305.87,C317457,35227.26,11921.39,C242085,16049.63,39355.5,0,0
279,PAYMENT,13365.08,C364162,30522.38,17157.3,M528443,28367.31,41732.39,0,0
279,PAYMENT,18436.57,C347502,34884.78,16448.21,M917462,47940.81,66377.38,0,0
280,CASH_OUT,441144.87,C999238,441144.87,0.0,C146937,43849.68,62435.41,1,0
280,TRANSFER,7246.63,C823602,17244.9,9998.27,C833392,28099.56,35346.19,0,0
280,PAYMENT,3665.81,C694327,4649.39,983.58,M661642,16700.43,20366.24,0,0
281,PAYMENT,9257.89,C211139,20366.93,11109.04,M295889,22528.36,31786.25,0,0
281,CASH_IN,22670.04,C506415,50774.16,28104.12,C377893,33942.1,56612.14,0,0
281,DEBIT,10563.78,C172316,29393.87,18830.09,C622185,6280.3,16844.08,0,0
282,DEBIT,14394.61,C636818,37076.79,22682.18,C780033,30613.92,45008.53,0,0
282,DEBIT,22160.54,C513730,46583.31,24422.77,C898964,42057.23,64217.77,0,0
282,CASH_IN,19899.1,C580449,55448.75,35549.65,C139245,12709.53,32608.63,0,0
282,TRANSFER,24766.66,C764256,26097.84,1331.18,C215764,8760.01,33526.67,0,0
282,TRANSFER,10258.65,C519587,21119.6,10860.95,C486600,5577.8,15836.45,0,0
283,CASH_IN,21990.25,C227355,41861.66,19871.41,C981944,40795.98,62786.23,0,0
283,CASH_IN,10595.38,C619986,24385.76,13790.38,C669762,11984.22,22579.6,0,0
283,CASH_OUT,12849.54,C462521,16601.45,3751.91,C409499,28186.5,41036.04,0,0
283,DEBIT,15388.75,C834486,35391.79,20003.04,C120890,18367.45,33756.2,0,0
283,DEBIT,19462.76,C263561,25987.39,6524.63,C586193,139.44,19602.2,0,0
284,PAYMENT,13524.34,C432480,28997.55,15473.21,M741584,33600.59,47124.93,0,0
284,CASH_IN,3042.9,C186918,3153.21,110.31,C409913,37853.0,40895.9,0,0
284,PAYMENT,15066.78,C527508,21121.69,6054.91,M873799,38067.35,53134.13,0,0
284,CASH_OUT,1022.53,C489909,1364.58,342.05,C401385,4727.27,5749.8,0,0
285,PAYMENT,11843.96,C525143,16275.82,4431.86,M730367,35125.6,46969.56,0,0
285,CASH_IN,13196.88,C927577,15268.86,2071.98,C170795,47453.62,60650.5,0,0
285,CASH_OUT,4454.07,C652399,5033.62,579.55,C695187,39758.25,44212.32,0,0
286,DEBIT,2886.44,C640753,7198.66,4312.22,C652972,20344.81,23231.25,0,0
286,PAYMENT,6073.57,C467056,8151.12,2077.55,M695024,44446.07,50519.64,0,0
286,DEBIT,6620.76,C933149,10526.1,3905.34,C280355,37903.7,44524.46,0,0
287,CASH_IN,24464.18,C573416,32155.48,7691.3,C514907,6015.22,30479.4,0,0
287,TRANSFER,14020.46,C497737,21234.28,7213.82,C844225,11675.52,25695.98,0,0
287,DEBIT,23089.06,C698158,58406.33,35317.27,C184178,39442.43,62531.49,0,0
287,CASH_IN,14391.39,C403024,35979.21,21587.82,C501539,16029.45,30420.84,0,0
287,PAYMENT,15748.53,C261038,17512.79,1764.26,M209359,24404.57,40153.1,0,0
288,CASH_OUT,2415.83,C583278,2922.24,506.41,C517427,4663.5,7079.33,0,0
288,CASH_OUT,10880.65,C507764,12268.44,1387.79,C594283,8899.69,19780.34,0,0
288,DEBIT,2296.47,C911896,3513.17,1216.7,C148787,4443.76,6740.23,0,0
288,TRANSFER,21698.28,C989414,53269.05,31570.77,C687878,49329.36,71027.64,0,0
289,CASH_IN,20168.73,C418696,28729.45,8560.72,C628577,9583.92,29752.65,0,0
289,CASH_IN,14383.05,C367748,24742.36,10359.31,C247753,21779.94,36162.99,0,0
289,CASH_IN,7211.65,C267923,11241.66,4030.01,C220029,13545.43,20757.08,0,0
290,PAYMENT,7064.75,C643451,8263.82,1199.07,M634611,9404.65,16469.4,0,0
290,DEBIT,3820.31,C570967,4789.49,969.18,C366660,23599.47,27419.78,0,0
290,PAYMENT,24876.66,C805334,30650.96,5774.3,M158374,43988.18,68864.84,0,0
290,CASH_OUT,16277.08,C941197,18031.58,1754.5,C860181,15376.8,31653.88,0,0
290,CASH_OUT,9690.12,C636159,14224.89,4534.77,C204038,47865.07,57555.19,0,0
291,DEBIT,14333.21,C267317,17532.12,3198.91,C342517,40834.46,55167.67,0,0
291,CASH_OUT,2469.49,C498890,5753.87,3284.38,C846167,4745.71,7215.2,0,0
291,TRANSFER,20960.09,C666006,21535.33,575.24,C747313,1141.22,22101.31,0,0
291,DEBIT,17039.47,C576428,29060.04,12020.57,C814827,46972.74,64012.21,0,0
292,PAYMENT,19288.27,C796135,32095.48,12807.21,M244852,13189.85,32478.12,0,0
292,CASH_OUT,2750.83,C847789,3646.85,896.02,C188847,44494.48,47245.31,0,0
292,PAYMENT,11263.08,C504363,18185.87,6922.79,M868032,33812.74,45075.82,0,0
292,DEBIT,11367.34,C624614,27502.97,16135.63,C487591,29702.16,41069.5,0,0
293,CASH_OUT,2239.36,C319680,4558.51,2319.15,C224449,21049.11,23288.47,0,0
293,CASH_OUT,6025.48,C401899,8388.42,2362.94,C712243,34369.04,40394.52,0,0
293,CASH_IN,4021.77,C530740,8728.01,4706.24,C122329,48972.18,52993.95,0,0
293,PAYMENT,14384.82,C441964,33749.86,19365.04,M534391,26660.67,41045.49,0,0
294,TRANSFER,1734.47,C525495,2370.53,636.06,C516635,28044.13,29778.6,0,0
294,CASH_IN,8393.44,C175532,21710.48,13317.04,C955718,33757.09,42150.53,0,0
294,TRANSFER,3549.78,C325658,8769.13,5219.35,C883746,29367.52,32917.3,0,0
294,DEBIT,12230.61,C783566,28791.18,16560.57,C435133,49035.8,61266.41,0,0
295,CASH_OUT,8726.57,C250257,24447.97,15721.4,C212257,39056.9,47783.47,0,0
295,CASH_OUT,18899.58,C198115,24994.15,6094.57,C678162,19112.1,38011.68,0,0
296,CASH_IN,20652.54,C503242,49087.3,28434.76,C577759,30603.76,51256.3,0,0
296,PAYMENT,16000.3,C666467,39126.77,23126.47,M727542,30531.36,46531.66,0,0
296,CASH_OUT,18859.69,C939818,44766.24,25906.55,C752706,22293.75,41153.44,0,0
296,CASH_IN,3375.04,C536021,4539.95,1164.91,C674357,37889.19,41264.23,0,0
296,CASH_IN,23807.75,C736455,60469.04,36661.29,C381164,6182.79,29990.54,0,0
297,CASH_OUT,5999.36,C110341,16262.22,10262.86,C756918,49127.68,55127.04,0,0
297,DEBIT,11639.57,C151692,25960.95,14321.38,C933151,36991.14,48630.71,0,0
297,PAYMENT,22316.59,C602000,42695.21,20378.62,M917763,5120.21,27436.8,0,0
297,DEBIT,22055.7,C524248,48870.61,26814.91,C193612,41255.2,63310.9,0,0
297,PAYMENT,12465.1,C845976,22634.11,10169.01,M398244,29290.13,41755.23,0,0
298,CASH_IN,17693.27,C824280,23380.03,5686.76,C761066,24726.26,42419.53,0,0
298,TRANSFER,3226.89,C988307,4449.73,1222.84,C606129,41966.21,45193.1,0,0
299,CASH_IN,13969.02,C982555,33096.28,19127.26,C530886,5215.71,19184.73,0,0
299,CASH_IN,6604.26,C521113,11649.3,5045.04,C220948,16351.04,22955.3,0,0
299,DEBIT,6494.98,C257779,14908.58,8413.6,C292572,30665.36,37160.34,0,0
299,TRANSFER,1165.78,C469671,3368.9,2203.12,C635635,2529.34,3695.12,0,0
299,PAYMENT,5449.77,C263051,9954.14,4504.37,M161300,33536.46,38986.23,0,0
300,DEBIT,24071.53,C462107,43094.33,19022.8,C638330,24799.88,48871.41,0,0
300,PAYMENT,9887.97,C676970,11601.14,1713.17,M849647,10333.8,20221.77,0,0
301,PAYMENT,15112.08,C560579,22286.09,7174.01,M801579,20010.59,35122.67,0,0
301,CASH_IN,3473.86,C349864,5948.42,2474.56,C332491,34239.73,37713.59,0,0
301,PAYMENT,14317.34,C434182,19092.67,4775.33,M479645,33804.17,48121.51,0,0
301,CASH_IN,23306.75,C756115,35628.97,12322.22,C143136,42856.05,66162.8,0,0
301,DEBIT,283.06,C357595,778.07,495.01,C537370,27516.62,27799.68,0,0
302,TRANSFER,18682.73,C450125,23902.14,5219.41,C525751,28669.96,47352.69,0,0
302,CASH_OUT,5608.89,C941653,12642.13,7033.24,C566576,32155.79,37764.68,0,0
302,TRANSFER,7676.64,C696490,12986.87,5310.23,C640533,3539.61,11216.25,0,0
302,CASH_IN,7024.83,C307929,11431.55,4406.72,C263871,6220.16,13244.99,0,0
303,TRANSFER,16779.74,C976787,31178.79,14399.05,C532389,1950.07,18729.81,0,0
303,DEBIT,1796.17,C580923,2691.09,894.92,C594411,24315.71,26111.88,0,0
303,CASH_IN,14111.46,C372209,40741.69,26630.23,C527856,31540.12,45651.58,0,0
303,PAYMENT,4940.25,C688499,7764.92,2824.67,M516122,34504.78,39445.03,0,0
303,TRANSFER,13399.29,C809152,34184.3,20785.01,C548139,41964.28,55363.57,0,0
304,CASH_IN,8032.03,C940819,11905.0,3872.97,C741860,8167.01,16199.04,0,0
304,CASH_IN,11335.13,C407284,15793.45,4458.32,C443505,40572.57,51907.7,0,0
305,CASH_IN,21889.5,C795420,24622.2,2732.7,C619406,40491.35,62380.85,0,0
305,CASH_OUT,7181.63,C747262,20515.82,13334.19,C444624,2180.37,9362.0,0,0
305,CASH_OUT,4508.0,C856521,12834.65,8326.65,C825238,41908.86,46416.86,0,0
305,DEBIT,24603.1,C786027,55627.68,31024.58,C887045,21271.91,45875.01,0,0
306,CASH_IN,14120.09,C950164,14771.65,651.56,C894790,43347.3,57467.39,0,0
306,CASH_OUT,9732.72,C579086,19480.49,9747.77,C261483,4181.8,13914.52,0,0
306,PAYMENT,14299.01,C982876,18209.45,3910.44,M845726,640.5,14939.51,0,0
307,PAYMENT,11902.4,C882568,18376.46,6474.06,M790869,15172.08,27074.48,0,0
307,CASH_OUT,3695.58,C266579,9792.86,6097.28,C774830,10241.64,13937.22,0,0
307,CASH_OUT,7927.28,C723087,10610.05,2682.77,C679721,11134.81,19062.09,0,0
307,CASH_IN,316.07,C368319,895.62,579.55,C173178,21801.73,22117.8,0,0
307,DEBIT,8551.65,C748249,24002.1,15450.45,C440019,18634.15,27185.8,0,0
308,CASH_IN,8864.3,C740448,13831.74,4967.44,C762142,45557.04,54421.34,0,0
308,PAYMENT,6855.49,C475726,11091.78,4236.29,M299660,20846.04,27701.53,0,0
308,CASH_OUT,12034.77,C269259,27774.1,15739.33,C731248,15926.8,27961.57,0,0
308,TRANSFER,1003.38,C343138,2970.68,1967.3,C668525,36929.37,37932.75,0,0
309,CASH_OUT,2012.18,C788422,2024.32,12.14,C490009,23229.59,25241.77,0,0
309,DEBIT,6479.68,C914252,13301.95,6822.27,C483291,8130.11,14609.79,0,0
309,CASH_OUT,2604.87,C798824,6014.93,3410.06,C737499,45635.05,48239.92,0,0
309,PAYMENT,21432.67,C840205,47441.11,26008.44,M106634,45221.21,66653.88,0,0
309,PAYMENT,17622.25,C914314,41156.42,23534.17,M522498,32764.0,50386.25,0,0
310,PAYMENT,5571.31,C715158,15442.29,9870.98,M716533,47891.6,53462.91,0,0
310,DEBIT,20573.32,C164731,31755.28,11181.96,C960424,13809.0,34382.32,0,0
310,PAYMENT,8963.13,C781903,14930.88,5967.75,M437387,38761.71,47724.84,0,0
310,CASH_IN,5956.85,C556827,15768.69,9811.84,C221739,38882.82,44839.67,0,0
310,DEBIT,8331.24,C280178,22492.99,14161.75,C324163,38865.45,47196.69,0,0
311,PAYMENT,17951.7,C292693,42821.17,24869.47,M130719,14048.41,32000.11,0,0
311,DEBIT,11668.97,C121655,32060.31,20391.34,C359834,16182.35,27851.32,0,0
311,DEBIT,14335.65,C231868,23858.54,9522.89,C544914,18986.71,33322.36,0,0
311,TRANSFER,5610.84,C401398,9903.24,4292.4,C362908,26096.05,31706.89,0,0
312,CASH_OUT,592.94,C561749,626.59,33.65,C251902,25811.4,26404.34,0,0
312,PAYMENT,927.13,C959367,1984.15,1057.02,M510576,6329.96,7257.09,0,0
312,CASH_IN,3549.06,C110029,6026.75,2477.69,C305013,47320.63,50869.69,0,0
312,PAYMENT,15714.95,C936171,46698.19,30983.24,M753677,49912.4,65627.35,0,0
312,DEBIT,22413.94,C811514,40480.75,18066.81,C775346,14861.07,37275.01,0,0
313,CASH_IN,1113.79,C971946,2111.58,997.79,C213482,40434.86,41548.65,0,0
313,CASH_IN,13466.57,C237517,23566.9,10100.33,C813691,1444.41,14910.98,0,0
313,TRANSFER,4099.18,C214511,11173.99,7074.81,C923746,48440.15,52539.33,0,0
313,PAYMENT,10390.97,C400086,13004.9,2613.93,M824152,37087.89,47478.86,0,0
313,CASH_OUT,14059.87,C442622,16211.45,2151.58,C507607,17525.31,31585.18,0,0
314,CASH_OUT,5163.31,C776511,6309.2,1145.89,C860253,12607.21,17770.52,0,0
314,DEBIT,3660.59,C465975,4324.71,664.12,C217101,1808.12,5468.71,0,0
315,CASH_OUT,14847.04,C722403,40745.32,25898.28,C192669,14532.22,29379.26,0,0
315,CASH_IN,16727.41,C665819,31039.74,14312.33,C133648,48024.37,64751.78,0,0
315,TRANSFER,13478.26,C303341,25665.51,12187.25,C427814,44251.65,57729.91,0,0
316,PAYMENT,17807.61,C463202,47168.72,29361.11,M556686,601.47,18409.08,0,0
316,PAYMENT,11386.57,C794163,25827.2,14440.63,M687824,43996.43,55383.0,0,0
317,TRANSFER,12088.52,C288173,22886.57,10798.05,C765926,15403.51,27492.03,0,0
317,PAYMENT,7617.92,C121681,14331.44,6713.52,M915946,16319.5,23937.42,0,0
318,DEBIT,16179.63,C463778,18449.35,2269.72,C901664,44685.69,60865.32,0,0
318,TRANSFER,13656.22,C855801,30969.0,17312.78,C481632,12355.67,26011.89,0,0
318,CASH_IN,9140.66,C212624,11060.35,1919.69,C179471,30814.06,39954.72,0,0
319,CASH_OUT,6952.49,C864813,10442.67,3490.18,C956672,32684.86,39637.35,0,0
319,CASH_OUT,220.53,C427165,527.07,306.54,C536360,13215.61,13436.14,0,0
319,PAYMENT,10795.48,C720142,22157.02,11361.54,M239184,4867.62,15663.1,0,0
319,CASH_IN,18646.77,C401241,39763.63,21116.86,C293681,49631.89,68278.66,0,0
319,PAYMENT,22510.4,C739047,50195.88,27685.48,M503019,38984.52,61494.92,0,0
320,CASH_OUT,6055.87,C411485,11787.32,5731.45,C851751,11684.1,17739.97,0,0
320,TRANSFER,22485.6,C333662,47559.09,25073.49,C543995,28399.88,50885.48,0,0
320,CASH_OUT,15134.18,C832955,16753.26,1619.08,C750657,39706.74,54840.92,0,0
321,TRANSFER,10055.73,C380461,15776.85,5721.12,C497072,19492.06,29547.79,0,0
321,CASH_OUT,24756.5,C369846,64726.58,39970.08,C689512,11394.43,36150.93,0,0
321,DEBIT,24032.97,C575137,40213.8,16180.83,C355278,891.44,24924.41,0,0
321,CASH_OUT,24269.85,C708515,27196.71,2926.86,C279314,34786.94,59056.79,0,0
321,TRANSFER,19301.39,C297004,43243.21,23941.82,C689727,38844.86,58146.25,0,0
322,PAYMENT,15998.23,C989276,18779.99,2781.76,M415303,29992.45,45990.68,0,0
322,CASH_OUT,16787.67,C573799,45245.85,28458.18,C334222,5181.17,21968.84,0,0
323,CASH_IN,2442.39,C832544,6893.53,4451.14,C834528,35372.65,37815.04,0,0
323,DEBIT,8947.68,C976534,14556.96,5609.28,C901287,15306.59,24254.27,0,0
324,TRANSFER,14360.26,C281080,41297.27,26937.01,C691703,44656.05,59016.31,0,0
324,PAYMENT,23071.43,C385226,54568.15,31496.72,M974834,28531.18,51602.61,0,0
324,CASH_OUT,20003.68,C268122,55167.84,35164.16,C619862,6293.94,26297.62,0,0
324,DEBIT,17270.48,C628568,29549.84,12279.36,C946556,3968.83,21239.31,0,0
325,CASH_OUT,10946.88,C784617,25713.19,14766.31,C778552,14069.02,25015.9,0,0
325,TRANSFER,7319.05,C558061,9121.73,1802.68,C242093,28461.05,35780.1,0,0
325,CASH_IN,12586.01,C365991,33774.68,21188.67,C506093,7392.93,19978.94,0,0
325,PAYMENT,10871.37,C609986,29645.06,18773.69,M384658,43767.27,54638.64,0,0
325,TRANSFER,9364.13,C923464,25162.58,15798.45,C612222,8563.74,17927.87,0,0
326,CASH_OUT,15987.17,C632059,17711.13,1723.96,C470170,9686.81,25673.98,0,0
326,CASH_OUT,7191.99,C299662,19529.11,12337.12,C278652,8320.96,15512.95,0,0
327,PAYMENT,12055.15,C247009,19743.76,7688.61,M420985,3577.48,15632.63,0,0
327,CASH_OUT,8721.55,C563174,16617.18,7895.63,C133985,40501.17,49222.72,0,0
327,CASH_OUT,20736.46,C930127,37985.24,17248.78,C440335,38690.23,59426.69,0,0
327,DEBIT,6426.99,C597670,17693.8,11266.81,C540669,49047.6,55474.59,0,0
328,DEBIT,24589.48,C342146,35898.24,11308.76,C336677,49528.0,74117.48,0,0
328,PAYMENT,19675.05,C448812,38116.36,18441.31,M620516,13687.24,33362.29,0,0
329,CASH_IN,10292.44,C683144,26190.51,15898.07,C975994,37614.46,47906.9,0,0
329,PAYMENT,10203.62,C553554,27413.64,17210.02,M392545,7658.44,17862.06,0,0
329,PAYMENT,12002.16,C819695,29918.11,17915.95,M534572,5693.14,17695.3,0,0
329,PAYMENT,18541.48,C292973,29789.38,11247.9,M443906,35181.65,53723.13,0,0
329,DEBIT,4866.35,C126552,7075.07,2208.72,C225836,1249.22,6115.57,0,0
330,TRANSFER,84753.17,C689760,105941.46,21188.29,C985344,36446.76,48740.17,1,0
330,DEBIT,15662.46,C652464,33376.68,17714.22,C731871,28981.84,44644.3,0,0
330,CASH_OUT,22570.36,C566836,37280.42,14710.06,C214281,16225.95,38796.31,0,0
331,PAYMENT,4532.24,C475260,6971.12,2438.88,M256784,24543.68,29075.92,0,0
331,PAYMENT,15070.08,C453289,16044.05,973.97,M183853,16794.47,31864.55,0,0
331,CASH_OUT,281.86,C562030,697.71,415.85,C149642,41471.66,41753.52,0,0
331,PAYMENT,16276.65,C259804,43484.53,27207.88,M334808,6390.05,22666.7,0,0
331,DEBIT,3344.91,C406888,6413.94,3069.03,C807142,32861.11,36206.02,0,0
332,TRANSFER,2302.97,C475652,6340.13,4037.16,C704447,39999.69,42302.66,0,0
332,PAYMENT,7320.28,C290991,13426.53,6106.25,M928836,31597.74,38918.02,0,0
333,TRANSFER,9747.58,C492758,25077.01,15329.43,C960943,34425.71,44173.29,0,0
333,CASH_OUT,21173.65,C825227,52378.67,31205.02,C564385,38029.91,59203.56,0,0
333,CASH_OUT,13455.62,C267976,31238.07,17782.45,C670250,41586.56,55042.18,0,0
333,TRANSFER,17784.01,C976762,29809.65,12025.64,C675614,45722.91,63506.92,0,0
333,CASH_OUT,11413.35,C119279,32548.82,21135.47,C735612,5672.13,17085.48,0,0
334,CASH_IN,24561.25,C920401,65362.23,40800.98,C500166,40745.89,65307.14,0,0
334,CASH_OUT,827.51,C507772,1401.31,573.8,C938747,1857.9,2685.41,0,0
334,CASH_OUT,10146.99,C805306,28263.19,18116.2,C649686,1526.78,11673.77,0,0
335,DEBIT,5878.31,C494506,11577.29,5698.98,C709804,3692.43,9570.74,0,0
335,TRANSFER,1560.62,C548987,3665.17,2104.55,C417386,27406.52,28967.14,0,0
335,PAYMENT,2058.3,C551515,3750.87,1692.57,M552603,27757.82,29816.12,0,0
336,TRANSFER,23153.88,C132014,64046.05,40892.17,C816375,17620.72,40774.6,0,0
336,PAYMENT,1917.35,C639289,4054.24,2136.89,M511349,5807.45,7724.8,0,0
337,DEBIT,11756.71,C941150,19841.1,8084.39,C646760,36772.2,48528.91,0,0
337,PAYMENT,14816.78,C218503,24539.66,9722.88,M788280,31557.54,46374.32,0,0
337,DEBIT,23110.85,C660625,67975.29,44864.44,C331192,35802.11,58912.96,0,0
338,CASH_IN,6907.0,C483513,15175.66,8268.66,C685495,43392.41,50299.41,0,0
338,TRANSFER,2720.05,C853825,3280.81,560.76,C977807,39378.6,42098.65,0,0
338,CASH_IN,5368.23,C999343,15492.32,10124.09,C175774,4773.28,10141.51,0,0
338,DEBIT,13449.08,C768364,13982.67,533.59,C769089,39792.82,53241.9,0,0
338,PAYMENT,10634.86,C169178,16204.42,5569.56,M815748,37695.2,48330.06,0,0
339,TRANSFER,21485.69,C561544,40621.87,19136.18,C291803,31960.93,53446.62,0,0
339,CASH_IN,23459.34,C692409,23650.39,191.05,C701819,38527.91,61987.25,0,0
340,PAYMENT,2781.92,C953269,3718.48,936.56,M402409,31023.37,33805.29,0,0
340,CASH_OUT,11554.3,C414623,15847.41,4293.11,C791911,23523.56,35077.86,0,0
340,PAYMENT,13375.38,C843956,35810.5,22435.12,M277821,47297.13,60672.51,0,0
340,TRANSFER,8151.08,C980324,18775.36,10624.28,C405796,36370.68,44521.76,0,0
341,CASH_OUT,184.57,C402905,320.6,136.03,C786683,5409.6,5594.17,0,0
341,CASH_IN,23106.75,C958877,36363.18,13256.43,C372671,38804.95,61911.7,0,0
341,PAYMENT,2320.46,C927251,5675.1,3354.64,M263828,849.92,3170.38,0,0
341,TRANSFER,12038.53,C367006,34960.48,22921.95,C798480,14767.04,26805.57,0,0
341,CASH_IN,15944.47,C634832,27680.6,11736.13,C461844,573.26,16517.73,0,0
342,DEBIT,5926.91,C700348,11482.17,5555.26,C153260,3530.58,9457.49,0,0
342,CASH_OUT,18916.22,C470927,27679.08,8762.86,C504899,33549.78,52466.0,0,0
342,PAYMENT,8461.49,C805351,25376.02,16914.53,M852252,24234.83,32696.32,0,0
342,PAYMENT,6675.54,C869879,19723.12,13047.58,M358678,25052.02,31727.56,0,0
343,CASH_IN,4828.16,C901701,9339.66,4511.5,C695764,49056.22,53884.38,0,0
343,TRANSFER,12064.05,C847045,18940.96,6876.91,C428302,859.95,12924.0,0,0
344,CASH_OUT,7984.88,C656298,14953.57,6968.69,C399649,8504.63,16489.51,0,0
344,TRANSFER,5199.94,C862275,6581.14,1381.2,C239659,39765.27,44965.21,0,0
344,CASH_OUT,2202.88,C580180,6335.68,4132.8,C807689,40119.65,42322.53,0,0
344,CASH_OUT,5562.35,C850451,8566.6,3004.25,C830995,5855.39,11417.74,0,0
345,TRANSFER,53036.15,C490139,66295.19,13259.04,C242197,29431.64,50418.97,1,0
345,CASH_IN,15295.54,C751813,26817.14,11521.6,C844915,14287.09,29582.63,0,0
345,CASH_IN,22445.08,C726676,53579.87,31134.79,C852411,38477.35,60922.43,0,0
345,DEBIT,15541.45,C232926,24919.21,9377.76,C771108,48361.24,63902.69,0,0
345,CASH_OUT,13747.46,C413084,21115.85,7368.39,C802524,38661.97,52409.43,0,0
346,CASH_OUT,8599.8,C985172,21177.44,12577.64,C837085,10970.57,19570.37,0,0
346,TRANSFER,6341.65,C497333,17095.02,10753.37,C932578,6391.06,12732.71,0,0
347,PAYMENT,136.77,C466482,153.63,16.86,M290596,32106.87,32243.64,0,0
347,CASH_OUT,18913.44,C702771,26409.64,7496.2,C661383,6934.59,25848.03,0,0
348,CASH_OUT,11229.95,C105169,19556.85,8326.9,C558937,21112.1,32342.05,0,0
348,CASH_IN,23283.46,C378690,34771.68,11488.22,C718775,16461.96,39745.42,0,0
348,CASH_IN,12890.43,C748510,29534.44,16644.01,C238463,21565.05,34455.48,0,0
348,DEBIT,22458.78,C899516,29028.3,6569.52,C396885,37894.89,60353.67,0,0
349,CASH_OUT,4939.93,C331285,10185.42,5245.49,C678668,46365.77,51305.7,0,0
349,CASH_IN,17790.25,C226710,23578.16,5787.91,C925691,16447.79,34238.04,0,0
349,DEBIT,2019.07,C775242,3284.19,1265.12,C653299,32083.49,34102.56,0,0
350,CASH_IN,22572.35,C194318,63164.07,40591.72,C290916,44428.05,67000.4,0,0
350,TRANSFER,24292.73,C857407,42937.32,18644.59,C462526,49302.84,73595.57,0,0
350,DEBIT,11882.16,C277795,18904.5,7022.34,C924418,43569.33,55451.49,0,0
350,CASH_IN,5086.22,C984885,12636.97,7550.75,C944635,40514.5,45600.72,0,0
350,CASH_OUT,3349.28,C185125,5254.73,1905.45,C280632,2127.32,5476.6,0,0
351,PAYMENT,4053.57,C431265,6221.97,2168.4,M752643,22140.97,26194.54,0,0
351,DEBIT,17450.76,C294073,23345.69,5894.93,C190060,36724.24,54175.0,0,0
351,TRANSFER,6511.06,C106221,11599.4,5088.34,C572820,15777.35,22288.41,0,0
352,PAYMENT,14302.26,C365589,19009.38,4707.12,M417145,14640.71,28942.97,0,0
352,DEBIT,5700.69,C257456,11401.51,5700.82,C714518,43713.82,49414.51,0,0
352,DEBIT,23680.99,C784561,35098.7,11417.71,C865068,8929.86,32610.85,0,0
352,TRANSFER,4892.89,C959501,10719.95,5827.06,C371965,31435.65,36328.54,0,0
352,PAYMENT,20766.98,C279656,34247.49,13480.51,M747134,444.64,21211.62,0,0
353,CASH_IN,13618.37,C408225,15930.17,2311.8,C686281,31855.74,45474.11,0,0
353,CASH_IN,21848.56,C444564,52845.77,30997.21,C126819,564.16,22412.72,0,0
353,TRANSFER,13416.13,C974641,33524.44,20108.31,C319491,26531.07,39947.2,0,0
354,TRANSFER,15865.14,C649039,47002.53,31137.39,C265420,26143.99,42009.13,0,0
354,CASH_IN,1247.71,C124975,2082.03,834.32,C323110,41824.68,43072.39,0,0
354,DEBIT,23315.33,C272318,52765.97,29450.64,C700780,5508.13,28823.46,0,0
355,CASH_IN,4583.07,C952517,12375.53,7792.46,C264736,20007.71,24590.78,0,0
355,CASH_IN,22352.59,C122763,27710.56,5357.97,C487447,23928.71,46281.3,0,0
356,TRANSFER,17407.45,C471033,20739.64,3332.19,C943708,20765.45,38172.9,0,0
356,DEBIT,93.2,C543932,213.18,119.98,C471742,17653.09,17746.29,0,0
356,CASH_OUT,19682.4,C506479,44413.96,24731.56,C778482,573.82,20256.22,0,0
357,TRANSFER,101.74,C979974,256.89,155.15,C394957,36437.93,36539.67,0,0
357,TRANSFER,17007.72,C826084,38094.85,21087.13,C571835,41014.34,58022.06,0,0
357,CASH_OUT,14322.34,C249214,33312.63,18990.29,C296076,44372.9,58695.24,0,0
357,CASH_OUT,14873.31,C128287,39628.52,24755.21,C605327,47342.77,62216.08,0,0
358,PAYMENT,9980.99,C475630,18435.88,8454.89,M171288,12282.83,22263.82,0,0
358,PAYMENT,10700.16,C796655,24508.95,13808.79,M927107,2922.9,13623.06,0,0
358,PAYMENT,7402.03,C461931,12645.6,5243.57,M746650,45903.81,53305.84,0,0
358,DEBIT,5029.6,C485454,6504.56,1474.96,C497969,38724.2,43753.8,0,0
358,TRANSFER,21628.53,C885287,59510.22,37881.69,C761530,6669.22,28297.75,0,0
359,PAYMENT,11527.18,C935503,15788.01,4260.83,M352961,6573.97,18101.15,0,0
359,TRANSFER,1541.08,C717900,4093.88,2552.8,C639499,31895.86,33436.94,0,0
359,TRANSFER,21255.97,C838160,28709.51,7453.54,C852307,22220.71,43476.68,0,0
359,PAYMENT,3097.98,C962955,6225.91,3127.93,M681384,14804.72,17902.7,0,0
359,DEBIT,8587.96,C104850,17984.03,9396.07,C493173,12280.38,20868.34,0,0
360,TRANSFER,74267.42,C787514,92834.27,18566.85,C318846,12431.88,31899.72,1,0
360,PAYMENT,3024.48,C682199,8363.12,5338.64,M692846,38645.62,41670.1,0,0
360,CASH_OUT,14544.54,C320845,24694.73,10150.19,C326520,31163.08,45707.62,0,0
361,DEBIT,21477.87,C569086,39851.07,18373.2,C234963,15972.68,37450.55,0,0
361,CASH_OUT,16066.27,C717661,18309.66,2243.39,C599251,24788.07,40854.34,0,0
362,DEBIT,16245.59,C571036,23831.82,7586.23,C753220,44752.46,60998.05,0,0
362,CASH_OUT,12368.97,C193731,16981.98,4613.01,C569048,4373.12,16742.09,0,0
362,PAYMENT,17592.51,C908952,52550.27,34957.76,M229124,7930.87,25523.38,0,0
362,CASH_OUT,15916.41,C950180,25131.72,9215.31,C521339,12712.87,28629.28,0,0
363,PAYMENT,2506.19,C889209,4410.9,1904.71,M711238,20154.46,22660.65,0,0
363,CASH_OUT,10483.98,C260895,25827.01,15343.03,C948672,45052.51,55536.49,0,0
363,PAYMENT,11110.31,C896216,30872.39,19762.08,M504420,16603.89,27714.2,0,0
364,PAYMENT,10885.81,C290046,21308.86,10423.05,M250865,28907.36,39793.17,0,0
364,CASH_OUT,17084.33,C318011,33525.58,16441.25,C242871,31967.42,49051.75,0,0
364,DEBIT,15201.81,C935525,43368.7,28166.89,C944390,22153.65,37355.46,0,0
364,CASH_IN,5353.69,C281558,8411.52,3057.83,C102621,4620.3,9973.99,0,0
364,TRANSFER,1662.87,C921485,3952.01,2289.14,C174982,13756.57,15419.44,0,0
365,DEBIT,2377.43,C461055,4082.98,1705.55,C180343,39924.69,42302.12,0,0
365,CASH_IN,20221.81,C818697,50954.0,30732.19,C216178,19173.96,39395.77,0,0
365,TRANSFER,8401.5,C944643,24320.67,15919.17,C267496,36958.5,45360.0,0,0
366,PAYMENT,16936.77,C747298,29918.41,12981.64,M498899,47853.1,64789.87,0,0
366,CASH_IN,12343.86,C699153,12531.25,187.39,C539294,26690.33,39034.19,0,0
367,CASH_IN,23012.96,C976070,31149.56,8136.6,C637513,32641.59,55654.55,0,0
367,CASH_OUT,17444.65,C856726,32640.46,15195.81,C340114,11746.16,29190.81,0,0
367,CASH_IN,8817.58,C436115,22793.46,13975.88,C218227,33752.45,42570.03,0,0
367,DEBIT,10301.59,C849027,20636.1,10334.51,C897996,21698.18,31999.77,0,0
368,PAYMENT,15199.29,C715806,27112.77,11913.48,M285228,6785.26,21984.55,0,0
368,CASH_IN,826.44,C583055,1966.51,1140.07,C599088,11116.73,11943.17,0,0
368,TRANSFER,13578.73,C683064,36569.6,22990.87,C227434,2856.58,16435.31,0,0
368,CASH_IN,14827.87,C419462,16869.96,2042.09,C493041,12791.93,27619.8,0,0
369,CASH_IN,23018.51,C414139,44173.74,21155.23,C303782,2692.12,25710.63,0,0
369,CASH_IN,19912.99,C983976,39909.72,19996.73,C302797,8033.31,27946.3,0,0
370,TRANSFER,14172.68,C251451,37379.35,23206.67,C435592,26426.43,40599.11,0,0
370,CASH_OUT,18165.06,C165239,52868.64,34703.58,C612971,12467.0,30632.06,0,0
370,TRANSFER,14733.19,C421290,25429.15,10695.96,C563470,9288.4,24021.59,0,0
370,PAYMENT,16001.32,C508129,44696.92,28695.6,M904072,29116.88,45118.2,0,0
371,TRANSFER,16796.65,C473379,42522.59,25725.94,C234132,43885.54,60682.19,0,0
371,CASH_OUT,12496.84,C375635,32651.6,20154.76,C331499,20099.06,32595.9,0,0
371,PAYMENT,21688.24,C455324,30502.16,8813.92,M561481,47692.13,69380.37,0,0
371,TRANSFER,15630.66,C145685,34460.51,18829.85,C696187,25612.81,41243.47,0,0
371,CASH_IN,2469.87,C186729,6998.37,4528.5,C139354,14851.63,17321.5,0,0
372,TRANSFER,13372.21,C465686,17212.21,3840.0,C899288,34651.87,48024.08,0,0
372,TRANSFER,1146.69,C643454,3205.0,2058.31,C325707,26072.05,27218.74,0,0
372,DEBIT,2791.6,C263694,6377.97,3586.37,C724654,9089.29,11880.89,0,0
372,CASH_OUT,16266.67,C841835,33911.59,17644.92,C714220,22150.55,38417.22,0,0
373,PAYMENT,13015.1,C763979,21311.81,8296.71,M617966,32162.49,45177.59,0,0
373,CASH_OUT,16353.58,C275931,29137.36,12783.78,C107920,27752.11,44105.69,0,0
374,DEBIT,20260.45,C972400,30838.94,10578.49,C283853,9812.06,30072.51,0,0
374,CASH_IN,16831.66,C252890,44956.29,28124.63,C884710,30307.6,47139.26,0,0
374,CASH_OUT,6269.84,C722164,6373.74,103.9,C662752,9548.49,15818.33,0,0
374,TRANSFER,12221.97,C411583,17174.76,4952.79,C271813,29958.61,42180.58,0,0
375,TRANSFER,58876.37,C374006,73595.46,14719.09,C296253,21395.74,33907.26,1,0
375,CASH_OUT,20960.86,C615615,58358.45,37397.59,C749840,42338.95,63299.81,0,0
375,PAYMENT,16181.32,C827784,33364.54,17183.22,M129487,37508.72,53690.04,0,0
375,PAYMENT,23833.93,C115424,36191.84,12357.91,M929260,27635.7,51469.63,0,0
375,DEBIT,15782.73,C708116,29296.21,13513.48,C439361,6579.67,22362.4,0,0
376,TRANSFER,22331.43,C683389,34968.93,12637.5,C275908,451.95,22783.38,0,0
376,CASH_IN,5221.86,C798883,10475.23,5253.37,C724809,24801.84,30023.7,0,0
376,CASH_IN,15455.9,C854813,35002.89,19546.99,C886378,40940.72,56396.62,0,0
376,CASH_OUT,24271.9,C965506,71209.73,46937.83,C991973,41335.88,65607.78,0,0
377,CASH_IN,23049.5,C816358,60105.09,37055.59,C584749,12411.35,35460.85,0,0
377,DEBIT,18789.59,C750760,25309.96,6520.37,C763258,37236.09,56025.68,0,0
377,DEBIT,152.78,C166964,421.44,268.66,C723532,20063.61,20216.39,0,0
377,TRANSFER,19902.29,C156840,34221.65,14319.36,C579178,524.9,20427.19,0,0
377,TRANSFER,12838.91,C293516,25071.53,12232.62,C147366,979.85,13818.76,0,0
378,PAYMENT,13269.41,C272167,36291.04,23021.63,M760900,26146.39,39415.8,0,0
378,CASH_IN,21929.31,C995956,37865.5,15936.19,C691353,13990.26,35919.57,0,0
378,CASH_IN,6273.86,C294890,12642.71,6368.85,C281284,5911.67,12185.53,0,0
378,TRANSFER,5308.59,C269376,15327.91,10019.32,C545942,34948.41,40257.0,0,0
378,CASH_OUT,9953.54,C862755,21185.67,11232.13,C675378,38703.22,48656.76,0,0
379,DEBIT,16704.01,C275880,40157.61,23453.6,C483383,42424.78,59128.79,0,0
379,CASH_OUT,20529.67,C229829,56100.19,35570.52,C193213,29509.13,50038.8,0,0
379,CASH_IN,19623.79,C672518,36099.76,16475.97,C726186,44425.13,64048.92,0,0
379,TRANSFER,9888.74,C731929,11964.95,2076.21,C537406,3102.23,12990.97,0,0
380,PAYMENT,18507.26,C950407,19314.16,806.9,M587358,43982.87,62490.13,0,0
380,PAYMENT,14576.78,C531499,33890.97,19314.19,M193805,27301.06,41877.84,0,0
380,PAYMENT,23504.73,C973798,27270.13,3765.4,M333024,3359.41,26864.14,0,0
380,DEBIT,3821.45,C337152,7864.83,4043.38,C122111,28170.12,31991.57,0,0
381,TRANSFER,6020.8,C670603,14965.81,8945.01,C247795,37433.93,43454.73,0,0
381,DEBIT,2620.75,C847585,7811.9,5191.15,C261123,30.94,2651.69,0,0
381,CASH_OUT,11866.4,C859683,14305.96,2439.56,C630746,16456.57,28322.97,0,0
381,PAYMENT,1988.44,C568426,3482.01,1493.57,M310485,21858.63,23847.07,0,0
382,DEBIT,18657.98,C105646,42112.41,23454.43,C125512,7759.86,26417.84,0,0
382,PAYMENT,17877.86,C145454,42564.37,24686.51,M239553,36184.25,54062.11,0,0
382,CASH_IN,14052.79,C844137,23490.87,9438.08,C848851,22540.14,36592.93,0,0
382,PAYMENT,19444.43,C848883,40147.72,20703.29,M826235,3346.02,22790.45,0,0
383,PAYMENT,5428.48,C429110,9213.9,3785.42,M376062,36586.81,42015.29,0,0
383,CASH_OUT,21505.75,C272774,50235.94,28730.19,C318466,26563.46,48069.21,0,0
383,TRANSFER,19907.53,C827265,41397.03,21489.5,C977944,26491.32,46398.85,0,0
383,TRANSFER,22998.53,C771304,46446.74,23448.21,C117295,6521.63,29520.16,0,0
383,CASH_OUT,14839.72,C423588,43207.82,28368.1,C699660,31438.69,46278.41,0,0
384,CASH_IN,24191.82,C516514,30312.44,6120.62,C280677,39081.69,63273.51,0,0
384,CASH_IN,15303.73,C269653,18953.27,3649.54,C215705,15645.6,30949.33,0,0
384,CASH_IN,4998.29,C516817,8348.59,3350.3,C195577,44541.53,49539.82,0,0
384,PAYMENT,931.29,C506877,1995.19,1063.9,M732083,43129.03,44060.32,0,0
384,CASH_IN,24052.92,C588660,30951.57,6898.65,C482370,5788.89,29841.81,0,0
385,CASH_OUT,2830.66,C101072,7814.14,4983.48,C915152,31438.26,34268.92,0,0
385,CASH_OUT,19645.94,C585090,25661.72,6015.78,C156178,19156.67,38802.61,0,0
386,DEBIT,16290.88,C839696,18761.3,2470.42,C267535,22580.9,38871.78,0,0
386,CASH_OUT,10522.38,C969800,16492.22,5969.84,C813577,48141.46,58663.84,0,0
386,CASH_OUT,20329.61,C509877,41878.07,21548.46,C401565,25732.9,46062.51,0,0
386,TRANSFER,547.67,C742770,868.46,320.79,C610691,26761.56,27309.23,0,0
387,DEBIT,3147.78,C391471,4925.67,1777.89,C680627,9018.62,12166.4,0,0
387,PAYMENT,24912.88,C239123,66758.76,41845.88,M821462,10396.96,35309.84,0,0
387,TRANSFER,19688.82,C378790,26965.01,7276.19,C664752,4485.55,24174.37,0,0
387,DEBIT,13947.51,C970166,20955.3,7007.79,C137906,34842.03,48789.54,0,0
387,TRANSFER,17321.05,C741195,50970.01,33648.96,C563197,10609.64,27930.69,0,0
388,CASH_IN,14830.92,C155314,29019.09,14188.17,C329741,16179.76,31010.68,0,0
388,PAYMENT,9581.89,C734217,14065.9,4484.01,M821901,11785.87,21367.76,0,0
388,TRANSFER,3235.52,C595796,7801.23,4565.71,C826199,44456.62,47692.14,0,0
388,TRANSFER,1495.46,C438508,3780.56,2285.1,C669138,12919.25,14414.71,0,0
389,PAYMENT,7240.24,C128537,16624.69,9384.45,M378461,18441.63,25681.87,0,0
389,TRANSFER,11231.74,C207151,12082.78,851.04,C133654,22179.72,33411.46,0,0
389,TRANSFER,7633.0,C764841,10577.51,2944.51,C160019,16386.47,24019.47,0,0
389,CASH_OUT,2469.8,C443783,3999.28,1529.48,C285481,19662.81,22132.61,0,0
389,TRANSFER,182.63,C580618,213.18,30.55,C265353,48772.15,48954.78,0,0
390,CASH_IN,6311.21,C236574,11346.7,5035.49,C656726,5875.62,12186.83,0,0
390,CASH_OUT,15376.52,C968530,26537.21,11160.69,C124340,11634.77,27011.29,0,0
390,TRANSFER,14946.6,C902915,29608.19,14661.59,C450732,45266.43,60213.03,0,0
391,CASH_OUT,12943.91,C598929,30609.84,17665.93,C423786,24591.88,37535.79,0,0
391,CASH_IN,14582.28,C192017,27525.59,12943.31,C193965,20299.66,34881.94,0,0
391,TRANSFER,9993.93,C531465,24501.09,14507.16,C582934,47402.09,57396.02,0,0
391,CASH_IN,24247.06,C381020,42401.95,18154.89,C477175,12089.33,36336.39,0,0
391,CASH_IN,6890.82,C652836,9967.41,3076.59,C988953,1251.57,8142.39,0,0
392,TRANSFER,8071.3,C306616,10799.85,2728.55,C288758,1151.43,9222.73,0,0
392,PAYMENT,24378.49,C863801,35348.85,10970.36,M980359,43546.3,67924.79,0,0
392,TRANSFER,20929.93,C473533,35448.53,14518.6,C331094,28963.15,49893.08,0,0
393,DEBIT,906.04,C214431,1568.21,662.17,C180620,46799.28,47705.32,0,0
393,PAYMENT,15634.62,C177890,32722.31,17087.69,M346747,25975.22,41609.84,0,0
393,DEBIT,8152.5,C100601,15002.28,6849.78,C219531,4254.53,12407.03,0,0
393,DEBIT,21965.1,C886031,38783.74,16818.64,C181644,49047.97,71013.07,0,0
394,DEBIT,16964.93,C925134,45969.65,29004.72,C259204,11743.76,28708.69,0,0
394,CASH_OUT,22628.61,C561179,22920.95,292.34,C202888,9386.52,32015.13,0,0
394,DEBIT,3887.7,C680447,9443.38,5555.68,C764846,35325.61,39213.31,0,0
395,TRANSFER,6221.87,C265550,16401.63,10179.76,C728239,36152.22,42374.09,0,0
395,TRANSFER,3734.69,C449505,7712.23,3977.54,C149043,42665.9,46400.59,0,0
395,DEBIT,3066.7,C241960,7476.45,4409.75,C805445,40810.94,43877.64,0,0
395,CASH_OUT,3343.52,C724806,9133.25,5789.73,C888216,15427.41,18770.93,0,0
395,CASH_OUT,17927.55,C675565,35079.95,17152.4,C101910,36435.85,54363.4,0,0
396,DEBIT,6495.86,C956898,15570.37,9074.51,C645086,20728.17,27224.03,0,0
396,CASH_OUT,24587.19,C117578,26965.37,2378.18,C232906,19291.78,43878.97,0,0
396,DEBIT,8781.5,C526940,11335.34,2553.84,C358786,9503.51,18285.01,0,0
397,CASH_OUT,8045.62,C305185,8472.62,427.0,C520794,45250.53,53296.15,0,0
397,CASH_IN,17336.72,C878669,37208.6,19871.88,C515246,46299.93,63636.65,0,0
397,PAYMENT,6426.93,C415161,9361.05,2934.12,M570196,22521.76,28948.69,0,0
397,TRANSFER,2797.89,C989378,8357.72,5559.83,C378405,46054.3,48852.19,0,0
398,DEBIT,9621.0,C559416,24661.51,15040.51,C682609,35949.61,45570.61,0,0
398,CASH_IN,11403.34,C192291,28282.13,16878.79,C349946,18640.54,30043.88,0,0
399,CASH_IN,11770.52,C665615,20773.44,9002.92,C441635,27393.01,39163.53,0,0
399,DEBIT,17096.56,C564666,21887.41,4790.85,C362844,28553.43,45649.99,0,0
399,CASH_IN,19937.07,C499467,55976.98,36039.91,C600164,48738.07,68675.14,0,0
399,DEBIT,18307.28,C122356,35019.37,16712.09,C905575,47751.17,66058.45,0,0
399,CASH_OUT,8494.67,C177589,23235.23,14740.56,C301940,14879.33,23374.0,0,0
400,CASH_OUT,3539.73,C523734972,21708.67,18168.94,C227521863,14757.22,18296.95,0,0
400,PAYMENT,1944.39,C534285667,5027.63,3083.24,M459525748,26309.1,28253.49,0,0
400,PAYMENT,3940.39,C103344769,7953.97,4013.58,M909827741,5065.29,9005.68,0,0
400,PAYMENT,2331.78,C199052376,9216.24,6884.46,M881447915,23659.27,25991.05,0,0
400,PAYMENT,1136.55,C985063869,3036.1,1899.55,M599770319,24083.64,25220.19,0,0
401,CASH_IN,9931.84,C561901618,32739.76,42671.6,C572190436,14968.63,24900.47,0,0
401,PAYMENT,8652.39,C350814705,18388.6,9736.21,M371820813,402.38,9054.77,0,0
401,PAYMENT,927.36,C624150214,19759.36,18832.0,M887110843,44773.23,45700.59,0,0
401,PAYMENT,1588.11,C798027879,29747.58,28159.47,M882698033,13841.41,15429.52,0,0
401,PAYMENT,2615.91,C496360081,32460.82,29844.91,M234489564,70127.36,72743.27,0,0
402,CASH_IN,19989.2,C480072391,36889.26,56878.46,C428740110,18392.72,38381.92,0,0
402,CASH_IN,28419.91,C270476398,63711.07,92130.98,C191693393,11030.67,39450.58,0,0
402,PAYMENT,2447.22,C298743196,34856.89,32409.67,M705264936,1936.9,4384.12,0,0
402,CASH_IN,22692.26,C286780295,22803.01,45495.27,C953477355,42247.42,64939.68,0,0
403,CASH_OUT,23922.26,C418019332,76077.55,52155.29,C555094650,26322.6,50244.86,0,0
403,CASH_IN,28960.66,C447454369,30966.13,59926.79,C956634123,11583.38,40544.04,0,0
403,CASH_OUT,16945.73,C690804839,23369.73,6424.0,C492121003,20595.26,37540.99,0,0
404,PAYMENT,3847.38,C363183577,9230.74,5383.36,M146321408,7395.15,11242.53,0,0
404,PAYMENT,3820.49,C209174313,15393.18,11572.69,M576272473,5632.37,9452.86,0,0
404,CASH_IN,10175.94,C136810847,33958.68,44134.62,C371766524,3751.15,13927.09,0,0
404,CASH_OUT,12142.75,C928299788,13744.84,1602.09,C972141340,8553.51,20696.26,0,0
404,PAYMENT,8064.85,C295995197,28134.73,20069.88,M349625132,51287.99,59352.84,0,0
405,CASH_IN,6381.09,C727457371,15191.47,21572.56,C624363766,59332.82,65713.91,0,0
405,PAYMENT,3229.73,C392121203,11924.59,8694.86,M102235000,9088.22,12317.95,0,0
405,PAYMENT,2391.28,C614817842,8669.4,6278.12,M926506464,6997.0,9388.28,0,0
405,PAYMENT,840.63,C971959784,11185.43,10344.8,M349546199,1677.34,2517.97,0,0
406,CASH_IN,4850.92,C736028516,11555.91,16406.83,C318520688,939.61,5790.53,0,0
406,CASH_OUT,10977.79,C241951830,17510.31,6532.52,C321099573,59721.52,70699.31,0,0
406,PAYMENT,569.59,C327174085,6112.49,5542.9,M949472217,27878.88,28448.47,0,0
406,CASH_OUT,4570.0,C605874711,17278.91,12708.91,C328233509,102493.69,107063.69,0,0
407,TRANSFER,1919.44,C747326920,9655.65,7736.21,C466371424,5160.8,7080.24,0,0
407,PAYMENT,2781.34,C171244178,27618.26,24836.92,M862633146,41452.71,44234.05,0,0
407,PAYMENT,403.36,C920071328,10539.1,10135.74,M918291176,18232.39,18635.75,0,0
407,DEBIT,17390.84,C997955761,69114.65,51723.81,C587365080,52458.34,69849.18,0,0
408,PAYMENT,676.95,C171450611,15762.54,15085.59,M337085688,6921.93,7598.88,0,0
408,PAYMENT,6925.37,C669668767,26978.77,20053.4,M746040612,10351.16,17276.53,0,0
408,PAYMENT,3983.4,C556659347,47606.05,43622.65,M731833730,37839.05,41822.45,0,0
408,CASH_OUT,1818.38,C251786915,47582.99,45764.61,C794190023,23312.35,25130.73,0,0
408,PAYMENT,420.99,C121739356,7100.28,6679.29,M802234722,9109.18,9530.17,0,0
409,CASH_OUT,16331.62,C177633091,21748.1,5416.48,C855593187,9840.87,26172.49,0,0
409,CASH_OUT,16231.61,C776942224,23596.75,7365.14,C526161286,19551.66,35783.27,0,0
409,TRANSFER,15672.73,C485992349,87918.92,72246.19,C101983509,12484.69,28157.42,0,0
409,CASH_IN,15460.02,C529833492,29428.73,44888.75,C292463073,21503.9,36963.92,0,0
410,TRANSFER,145310.65,C204436258,157550.41,12239.76,C179688895,32273.61,177584.26,1,0
410,PAYMENT,8563.25,C226960685,57833.45,49270.2,M975866588,11557.18,20120.43,0,0
410,PAYMENT,8006.57,C326623789,76023.41,68016.84,M865295088,82843.39,90849.96,0,0
411,PAYMENT,1194.54,C534378710,7447.01,6252.47,M919956639,16603.3,17797.84,0,0
411,TRANSFER,8030.25,C941941561,61220.26,53190.01,C504642357,1825.46,9855.71,0,0
411,PAYMENT,3436.4,C701656257,9301.38,5864.98,M566634390,8749.24,12185.64,0,0
412,CASH_OUT,18411.12,C997265909,27320.97,8909.85,C969662506,8689.05,27100.17,0,0
412,DEBIT,25419.92,C578947735,74312.24,48892.32,C602821784,17902.33,43322.25,0,0
412,TRANSFER,24514.25,C404688903,48725.26,24211.01,C744090176,39715.49,64229.74,0,0
412,CASH_IN,6687.24,C438722145,8661.16,15348.4,C639374683,21585.35,28272.59,0,0
413,PAYMENT,605.4,C481966485,18478.05,17872.65,M256943484,774.38,1379.78,0,0
413,PAYMENT,5288.05,C259267818,8005.83,2717.78,M573265205,18466.34,23754.39,0,0
413,CASH_OUT,4146.77,C990197094,5930.99,1784.22,C627810564,1326.63,5473.4,0,0
413,TRANSFER,12168.66,C694221991,38067.87,25899.21,C690256950,93088.93,105257.59,0,0
414,PAYMENT,4856.96,C888215570,16416.63,11559.67,M189473854,2042.63,6899.59,0,0
414,PAYMENT,9962.14,C865854846,33774.99,23812.85,M469281814,13146.49,23108.63,0,0
414,PAYMENT,610.36,C311426941,2581.88,1971.52,M101043233,5048.8,5659.16,0,0
414,CASH_IN,15752.88,C774788031,31917.49,47670.37,C171709884,23650.76,39403.64,0,0
415,PAYMENT,2604.39,C133698788,5164.8,2560.41,M781381298,10459.19,13063.58,0,0
415,PAYMENT,396.67,C552949741,78153.55,77756.88,M363768157,4819.31,5215.98,0,0
415,PAYMENT,4423.7,C513623907,8227.59,3803.89,M344439380,14222.48,18646.18,0,0
415,TRANSFER,14850.84,C687037795,15778.09,927.25,C680222788,11734.6,26585.44,0,0
415,CASH_OUT,10991.59,C269124855,32491.09,21499.5,C557370368,4446.32,15437.91,0,0
416,CASH_IN,30783.55,C917032666,63067.46,93851.01,C685848991,28265.61,59049.16,0,0
416,CASH_OUT,2563.1,C295922610,36930.25,34367.15,C362869948,24583.45,27146.55,0,0
416,DEBIT,16311.1,C940916523,22714.13,6403.03,C987702570,6038.71,22349.81,0,0
416,TRANSFER,1096.14,C886008098,9302.3,8206.16,C607896561,26657.69,27753.83,0,0
416,TRANSFER,17667.35,C376890017,23708.23,6040.88,C489229565,17131.33,34798.68,0,0
417,CASH_OUT,15370.99,C268303991,41936.86,26565.87,C647488156,40674.9,56045.89,0,0
417,PAYMENT,686.0,C394292375,33570.18,32884.18,M102640328,116425.12,117111.12,0,0
417,TRANSFER,7478.66,C445933919,15813.33,8334.67,C213442790,66753.45,74232.11,0,0
417,CASH_IN,8905.33,C119511512,14347.7,23253.03,C103741196,11859.49,20764.82,0,0
418,TRANSFER,26769.99,C304591500,71945.8,45175.81,C400860757,12324.71,39094.7,0,0
418,PAYMENT,7173.72,C550564360,14866.79,7693.07,M492073291,74924.31,82098.03,0,0
418,CASH_IN,13279.96,C457703823,25180.25,38460.21,C666236526,8675.57,21955.53,0,0
419,CASH_OUT,4087.72,C278580630,34488.45,30400.73,C942649140,3010.86,7098.58,0,0
419,CASH_IN,55388.77,C339964793,67039.88,122428.65,C312724958,54665.47,110054.24,0,0
419,TRANSFER,2367.59,C907582728,31036.2,28668.61,C714144587,24072.64,26440.23,0,0
420,DEBIT,8829.28,C729863816,43333.0,34503.72,C412514729,30624.99,39454.27,0,0
420,PAYMENT,365.96,C633738991,40141.68,39775.72,M449204103,53081.69,53447.65,0,0
420,PAYMENT,7247.93,C114509187,15870.3,8622.37,M494659116,30790.56,38038.49,0,0
421,CASH_OUT,12760.41,C771536985,20777.5,8017.09,C848277850,14249.0,27009.41,0,0
421,PAYMENT,1658.6,C341820729,28675.13,27016.53,M406974333,36438.84,38097.44,0,0
421,DEBIT,20951.07,C458066124,26374.3,5423.23,C877558402,12779.93,33731.0,0,0
421,TRANSFER,1797.94,C900306292,67855.34,66057.4,C221848736,305.72,2103.66,0,0
421,CASH_IN,1161.78,C286404943,16164.65,17326.43,C706205076,123920.72,125082.5,0,0
422,PAYMENT,3666.38,C199204497,7301.98,3635.6,M423988920,6109.47,9775.85,0,0
422,PAYMENT,16540.51,C462127221,26237.23,9696.72,M945786677,33399.61,49940.12,0,0
422,CASH_IN,48304.27,C702428359,58339.0,106643.27,C348523535,2822.39,51126.66,0,0
423,PAYMENT,725.21,C543894457,5936.79,5211.58,M693858183,7729.04,8454.25,0,0
423,TRANSFER,5015.56,C951098101,5672.55,656.99,C972912794,8204.39,13219.95,0,0
423,TRANSFER,14349.05,C798434460,17207.65,2858.6,C190012399,1981.5,16330.55,0,0
424,CASH_IN,19904.06,C826607768,30738.11,50642.17,C587114542,67475.46,87379.52,0,0
424,CASH_IN,1194.09,C792585463,10641.05,11835.14,C213245302,41591.19,42785.28,0,0
424,CASH_IN,2945.14,C662171966,12929.32,15874.46,C504288340,44176.31,47121.45,0,0
424,CASH_OUT,1484.28,C807894370,4358.27,2873.99,C258148712,344.16,1828.44,0,0
425,CASH_IN,25641.76,C338077364,43238.5,68880.26,C800791554,32376.71,58018.47,0,0
425,CASH_OUT,7618.62,C980662984,10384.55,2765.93,C961330509,77005.59,84624.21,0,0
425,CASH_OUT,4394.06,C130061031,23647.47,19253.41,C837448816,11085.51,15479.57,0,0
425,PAYMENT,3440.32,C195856757,39041.46,35601.14,M187220897,9196.19,12636.51,0,0
425,DEBIT,52118.0,C643973085,83504.84,31386.84,C479710429,22287.26,74405.26,0,0
426,PAYMENT,4321.17,C698552461,28674.48,24353.31,M616725588,5987.04,10308.21,0,0
426,PAYMENT,143.95,C564233777,17971.9,17827.95,M532020261,12449.55,12593.5,0,0
426,TRANSFER,35675.92,C303780344,50106.42,14430.5,C522004019,38271.79,73947.71,0,0
426,TRANSFER,15096.36,C948865360,74820.17,59723.81,C582598450,3977.05,19073.41,0,0
426,CASH_IN,10662.54,C384481363,22954.28,33616.82,C135409403,97841.33,108503.87,0,0
427,PAYMENT,803.87,C493261002,2381.78,1577.91,M442093866,3449.38,4253.25,0,0
427,PAYMENT,594.28,C948975759,21075.96,20481.68,M696258165,5018.66,5612.94,0,0
427,PAYMENT,6912.92,C819655004,79233.2,72320.28,M165438362,23028.52,29941.44,0,0
428,PAYMENT,655.14,C519271337,4551.38,3896.24,M222794587,2322.15,2977.29,0,0
428,PAYMENT,1952.89,C719408429,11012.51,9059.62,M986196569,17500.13,19453.02,0,0
428,CASH_OUT,1101.59,C649327992,24382.84,23281.25,C312216056,17918.43,19020.02,0,0
428,PAYMENT,1521.0,C215438617,42065.74,40544.74,M111145552,2207.59,3728.59,0,0
428,CASH_OUT,64808.38,C617423742,116359.81,51551.43,C257155630,6733.5,71541.88,0,0
429,TRANSFER,19622.16,C257553165,22819.41,3197.25,C367754137,3571.28,23193.44,0,0
429,CASH_OUT,28410.92,C230876923,30678.15,2267.23,C237926382,14828.58,43239.5,0,0
429,TRANSFER,4665.39,C646681316,8690.19,4024.8,C182649048,20750.82,25416.21,0,0
429,DEBIT,1901.55,C614374443,7212.56,5311.01,C251765117,10499.0,12400.55,0,0
429,TRANSFER,7080.0,C473319790,24630.99,17550.99,C739189224,33373.16,40453.16,0,0
430,CASH_OUT,8975.52,C653074217,15650.76,6675.24,C647953234,11277.87,20253.39,0,0
430,CASH_OUT,13186.73,C445094085,31803.39,18616.66,C555681975,6769.86,19956.59,0,0
430,PAYMENT,597.66,C533007965,4727.49,4129.83,M790121219,8390.15,8987.81,0,0
430,PAYMENT,6912.25,C321772674,21780.5,14868.25,M444601334,13207.64,20119.89,0,0
430,CASH_IN,2282.41,C426410707,72063.6,74346.01,C735034945,50156.1,52438.51,0,0
431,CASH_IN,10622.21,C404347709,63629.91,74252.12,C824317106,20341.26,30963.47,0,0
431,CASH_OUT,5427.13,C980801412,9568.69,4141.56,C183721515,9777.2,15204.33,0,0
431,TRANSFER,11127.27,C593220398,35694.64,24567.37,C228161931,36501.7,47628.97,0,0
431,PAYMENT,2216.29,C403405900,17427.23,15210.94,M881745662,1330.37,3546.66,0,0
432,TRANSFER,12431.12,C966425729,20213.72,7782.6,C310118281,41501.77,53932.89,0,0
432,PAYMENT,3532.42,C601205768,21641.35,18108.93,M143928336,15946.42,19478.84,0,0
432,TRANSFER,6935.65,C532621124,42447.79,35512.14,C871071792,83829.41,90765.06,0,0
432,PAYMENT,4037.65,C980476065,8036.77,3999.12,M908916104,1720.26,5757.91,0,0
433,PAYMENT,4663.11,C294421608,32429.19,27766.08,M434753546,40178.16,44841.27,0,0
433,DEBIT,3594.39,C674488653,18401.91,14807.52,C809516666,11111.54,14705.93,0,0
433,CASH_IN,7974.69,C967362631,19540.19,27514.88,C386042407,11827.99,19802.68,0,0
433,TRANSFER,5879.68,C111683982,23110.35,17230.67,C910652222,10976.68,16856.36,0,0
434,TRANSFER,12264.24,C633598130,27919.08,15654.84,C772042599,14120.09,26384.33,0,0
434,PAYMENT,4034.11,C698169023,7682.08,3647.97,M932010793,52722.61,56756.72,0,0
434,TRANSFER,20790.63,C265773731,142223.45,121432.82,C414180506,34898.83,55689.46,0,0
434,CASH_OUT,23114.86,C244020733,27691.67,4576.81,C714730016,31299.69,54414.55,0,0
434,TRANSFER,21575.14,C406047781,36953.31,15378.17,C542020981,11903.42,33478.56,0,0
435,TRANSFER,98812.08,C743890436,122446.8,23634.72,C782707267,36112.63,134924.71,1,0
435,CASH_OUT,15872.66,C381356195,31522.04,15649.38,C933002226,7252.09,23124.75,0,0
435,PAYMENT,701.2,C497388647,18213.38,17512.18,M780539977,12806.14,13507.34,0,0
436,PAYMENT,2963.15,C470354316,5959.06,2995.91,M795150809,2656.09,5619.24,0,0
436,PAYMENT,3984.93,C882192075,6141.37,2156.44,M499272618,62755.77,66740.7,0,0
436,CASH_OUT,849.38,C755150185,30351.6,29502.22,C750117246,11727.52,12576.9,0,0
436,PAYMENT,341.42,C891850279,37048.08,36706.66,M547737293,60389.98,60731.4,0,0
436,PAYMENT,907.19,C481814381,5030.97,4123.78,M810905177,45425.51,46332.7,0,0
437,CASH_IN,11473.27,C563402894,21656.57,33129.84,C492024999,1407.95,12881.22,0,0
437,PAYMENT,4971.42,C545480601,13085.7,8114.28,M119894388,12694.45,17665.87,0,0
437,TRANSFER,38358.88,C516410833,51469.63,13110.75,C513802881,62664.92,101023.8,0,0
438,PAYMENT,7416.91,C433426712,21214.67,13797.76,M857576343,13571.91,20988.82,0,0
438,CASH_IN,7250.52,C218485994,27258.34,34508.86,C446124350,329.52,7580.04,0,0
438,CASH_OUT,3440.88,C738501552,19738.38,16297.5,C997600872,49265.94,52706.82,0,0
438,TRANSFER,3558.62,C509675520,10978.07,7419.45,C313012806,12659.14,16217.76,0,0
438,TRANSFER,24625.23,C981068063,37256.18,12630.95,C526863933,24519.13,49144.36,0,0
439,TRANSFER,12980.66,C289170432,42860.71,29880.05,C382216465,15095.87,28076.53,0,0
439,TRANSFER,9217.72,C356153253,38211.46,28993.74,C747522417,2716.97,11934.69,0,0
439,PAYMENT,335.52,C629609503,6692.9,6357.38,M113942402,56930.34,57265.86,0,0
440,TRANSFER,885.71,C485640223,26059.38,25173.67,C770670299,26891.24,27776.95,0,0
440,PAYMENT,852.98,C838273722,14937.46,14084.48,M942299350,22599.73,23452.71,0,0
440,PAYMENT,2628.03,C756039520,18899.17,16271.14,M690388274,31896.85,34524.88,0,0
440,DEBIT,67782.54,C553962871,100668.32,32885.78,C543229471,82185.1,149967.64,0,0
441,PAYMENT,1664.61,C728507567,3483.36,1818.75,M417784886,25076.24,26740.85,0,0
441,CASH_OUT,28770.77,C879259260,70592.0,41821.23,C627322735,25745.28,54516.05,0,0
441,CASH_OUT,36723.55,C494352531,44908.97,8185.42,C635845572,43589.57,80313.12,0,0
442,CASH_OUT,5180.93,C508847140,15713.65,10532.72,C633215492,20076.68,25257.61,0,0
442,TRANSFER,5732.0,C158436437,35992.64,30260.64,C952350451,3032.67,8764.67,0,0
442,CASH_OUT,63867.46,C882144223,74942.59,11075.13,C314126719,568.14,64435.6,0,0
442,PAYMENT,2440.26,C755197464,8405.35,5965.09,M673284588,3751.86,6192.12,0,0
442,DEBIT,62909.36,C746703132,66676.46,3767.1,C210338489,7946.91,70856.27,0,0
443,DEBIT,11814.55,C428635747,25601.27,13786.72,C379406633,1738.45,13553.0,0,0
443,TRANSFER,10821.35,C557752180,11042.48,221.13,C986572630,3680.2,14501.55,0,0
443,CASH_IN,31559.02,C103138145,49910.69,81469.71,C518386087,27343.36,58902.38,0,0
443,PAYMENT,7474.63,C763063508,17136.85,9662.22,M824863897,18292.92,25767.55,0,0
443,PAYMENT,645.59,C455617586,2539.21,1893.62,M891867072,36849.3,37494.89,0,0
444,TRANSFER,5609.78,C810875811,31001.06,25391.28,C553860863,8814.29,14424.07,0,0
444,CASH_OUT,10195.4,C976546711,65433.83,55238.43,C802962286,32972.63,43168.03,0,0
444,PAYMENT,195.04,C795844306,18276.25,18081.21,M152673683,1319.88,1514.92,0,0
445,CASH_IN,3020.46,C189817241,15878.57,18899.03,C629709256,10554.49,13574.95,0,0
445,TRANSFER,8485.68,C909182122,26725.98,18240.3,C980148540,15389.91,23875.59,0,0
445,PAYMENT,342.87,C936214955,68996.25,68653.38,M110047595,131.69,474.56,0,0
445,PAYMENT,1233.24,C818606330,66688.68,65455.44,M346661050,39017.81,40251.05,0,0
446,TRANSFER,3570.95,C994086735,44833.79,41262.84,C279963197,32940.19,36511.14,0,0
446,DEBIT,16628.57,C689405135,54464.01,37835.44,C925821557,7180.99,23809.56,0,0
446,TRANSFER,4250.2,C933478508,26418.45,22168.25,C321602280,1129.26,5379.46,0,0
447,CASH_IN,12672.43,C369959558,13363.14,26035.57,C810766841,29885.26,42557.69,0,0
447,PAYMENT,7846.75,C934368214,39575.03,31728.28,M837715002,34168.62,42015.37,0,0
447,PAYMENT,1921.7,C438939369,22608.93,20687.23,M196355770,26257.51,28179.21,0,0
447,TRANSFER,12837.81,C679813506,36671.37,23833.56,C430511457,10383.15,23220.96,0,0
447,CASH_OUT,1513.85,C331829367,17022.32,15508.47,C380419854,39102.43,40616.28,0,0
448,CASH_OUT,11514.79,C597628585,53371.87,41857.08,C859423468,13510.91,25025.7,0,0
448,TRANSFER,70098.46,C635589622,74201.41,4102.95,C101020154,12111.24,82209.7,0,0
448,CASH_IN,1589.04,C532553971,2671.49,4260.53,C140739629,2317.78,3906.82,0,0
449,TRANSFER,15312.99,C193144811,98120.93,82807.94,C631189175,36554.93,51867.92,0,0
449,TRANSFER,8706.04,C574482690,21302.38,12596.34,C114372528,8810.06,17516.1,0,0
449,CASH_IN,19358.14,C280788888,25852.41,45210.55,C482718244,60293.01,79651.15,0,0
449,PAYMENT,447.81,C871579223,3105.59,2657.78,M708296824,78326.46,78774.27,0,0
450,CASH_OUT,1904.95,C654558903,45022.59,43117.64,C819753925,22957.22,24862.17,0,0
450,CASH_IN,68402.19,C751032135,125602.38,194004.57,C379114499,26220.33,94622.52,0,0
450,CASH_OUT,11282.78,C858182113,20975.89,9693.11,C301628778,935.59,12218.37,0,0
451,CASH_OUT,6964.63,C657391925,76506.31,69541.68,C348432388,53808.02,60772.65,0,0
451,CASH_IN,79700.75,C143951994,89792.39,169493.14,C846874428,35495.09,115195.84,0,0
451,CASH_OUT,3006.69,C628012044,8074.05,5067.36,C382751135,19249.32,22256.01,0,0
451,CASH_OUT,13515.59,C990914058,55502.09,41986.5,C492932961,7717.54,21233.13,0,0
452,CASH_IN,47235.15,C252137897,80398.9,127634.05,C581584459,26622.81,73857.96,0,0
452,CASH_OUT,1865.07,C111377787,11191.31,9326.24,C780551383,7519.31,9384.38,0,0
452,CASH_OUT,10773.99,C570165167,33767.39,22993.4,C448090821,1979.62,12753.61,0,0
453,PAYMENT,6534.34,C496888412,53933.15,47398.81,M169058877,21176.05,27710.39,0,0
453,CASH_OUT,12271.67,C173135852,38750.08,26478.41,C591743180,18414.96,30686.63,0,0
453,CASH_IN,4721.24,C603774778,8217.84,12939.08,C775772986,10161.97,14883.21,0,0
454,CASH_OUT,17598.11,C954658714,45542.52,27944.41,C609431998,4317.35,21915.46,0,0
454,CASH_IN,31317.55,C654357790,66270.5,97588.05,C225616114,3449.1,34766.65,0,0
454,PAYMENT,4181.98,C104810833,38253.33,34071.35,M790458526,44614.76,48796.74,0,0
455,PAYMENT,743.79,C602197293,8647.16,7903.37,M461199116,20515.67,21259.46,0,0
455,PAYMENT,1518.16,C271735895,35667.93,34149.77,M138965695,3437.01,4955.17,0,0
455,PAYMENT,155.8,C487068897,8522.92,8367.12,M882718184,25034.09,25189.89,0,0
456,CASH_OUT,23824.74,C906963039,53292.67,29467.93,C846265491,73577.49,97402.23,0,0
456,PAYMENT,4521.89,C452919433,17354.78,12832.89,M995809936,1491.64,6013.53,0,0
456,PAYMENT,5840.05,C941634507,33538.1,27698.05,M856138670,3484.03,9324.08,0,0
456,CASH_OUT,873.41,C407145760,8693.13,7819.72,C195019914,16767.19,17640.6,0,0
457,PAYMENT,103.09,C201475757,12745.61,12642.52,M782634721,72196.01,72299.1,0,0
457,PAYMENT,5876.76,C292455542,40841.65,34964.89,M216067598,8858.88,14735.64,0,0
457,DEBIT,22730.37,C664080074,29114.09,6383.72,C763620629,75328.86,98059.23,0,0
457,PAYMENT,1798.67,C785152558,12683.81,10885.14,M931574036,25439.13,27237.8,0,0
457,TRANSFER,5307.53,C784334336,13042.64,7735.11,C366081786,32222.18,37529.71,0,0
458,PAYMENT,194.89,C609066763,16739.91,16545.02,M751404056,15944.35,16139.24,0,0
458,TRANSFER,3101.84,C609482640,5013.66,1911.82,C974890200,4170.79,7272.63,0,0
458,TRANSFER,11836.65,C642112130,43707.73,31871.08,C176716230,8709.45,20546.1,0,0
458,CASH_IN,51902.93,C299876141,64304.48,116207.41,C896539795,30.81,51933.74,0,0
459,PAYMENT,3570.94,C350880520,8046.93,4475.99,M874407907,16911.9,20482.84,0,0
459,PAYMENT,2716.62,C487680641,34662.77,31946.15,M181576052,9289.71,12006.33,0,0
459,TRANSFER,675.33,C875055325,10643.18,9967.85,C411157009,16345.22,17020.55,0,0
459,CASH_OUT,5672.52,C130319320,45012.27,39339.75,C937440812,37836.27,43508.79,0,0
459,PAYMENT,2064.71,C726730536,7607.34,5542.63,M550671703,107929.57,109994.28,0,0
460,TRANSFER,130396.27,C356189129,157875.91,27479.64,C210830503,488.54,130884.81,1,0
460,PAYMENT,2287.64,C669226984,10922.6,8634.96,M477383712,844.17,3131.81,0,0
460,PAYMENT,1617.13,C390085734,6101.49,4484.36,M670009793,29538.49,31155.62,0,0
460,DEBIT,1130.83,C549115440,61675.28,60544.45,C831799979,3316.01,4446.84,0,0
460,CASH_IN,14049.75,C323214950,33033.48,47083.23,C600812872,8875.33,22925.08,0,0
461,CASH_OUT,23447.12,C378421754,36695.54,13248.42,C582144366,27030.62,50477.74,0,0
461,CASH_OUT,14150.0,C968950425,27263.32,13113.32,C245309717,1040.2,15190.2,0,0
461,PAYMENT,1832.0,C500628747,7508.54,5676.54,M359210229,4345.29,6177.29,0,0
461,CASH_IN,4211.81,C882190471,45300.2,49512.01,C473214563,14213.81,18425.62,0,0
462,PAYMENT,163.25,C453538596,112335.87,112172.62,M758259666,92016.0,92179.25,0,0
462,CASH_OUT,3838.58,C410089820,14678.02,10839.44,C874074402,5690.66,9529.24,0,0
462,DEBIT,3370.92,C513370391,14455.79,11084.87,C812566713,10613.71,13984.63,0,0
462,TRANSFER,66410.96,C285974321,106763.82,40352.86,C272267671,21608.79,88019.75,0,0
462,TRANSFER,19878.82,C630098753,38091.14,18212.32,C556077027,39370.61,59249.43,0,0
463,PAYMENT,2792.04,C568800124,7523.26,4731.22,M797345269,24385.54,27177.58,0,0
463,CASH_OUT,20313.95,C211670041,45477.25,25163.3,C665078882,59931.33,80245.28,0,0
463,PAYMENT,913.63,C877290102,11569.3,10655.67,M154181889,1790.97,2704.6,0,0
463,TRANSFER,2037.03,C938829678,20011.86,17974.83,C765809276,21652.71,23689.74,0,0
463,CASH_OUT,2001.64,C705940602,9485.27,7483.63,C753364368,12730.92,14732.56,0,0
464,CASH_OUT,6399.86,C523973323,9205.2,2805.34,C200816295,87515.26,93915.12,0,0
464,TRANSFER,4538.8,C924738421,8259.56,3720.76,C415666114,18337.46,22876.26,0,0
464,PAYMENT,5396.23,C956561796,11115.61,5719.38,M876905984,24002.47,29398.7,0,0
464,CASH_OUT,3241.58,C655590939,3988.79,747.21,C819919059,33333.25,36574.83,0,0
464,CASH_OUT,10154.81,C982124407,42918.78,32763.97,C504458992,22008.28,32163.09,0,0
465,CASH_OUT,12144.86,C184823921,98534.13,86389.27,C246835347,3280.38,15425.24,0,0
465,PAYMENT,259.24,C624458102,5349.37,5090.13,M701308160,4961.59,5220.83,0,0
465,PAYMENT,427.13,C278554061,23735.5,23308.37,M463657906,12661.67,13088.8,0,0
465,TRANSFER,17873.89,C966775009,25679.43,7805.54,C174645629,90388.63,108262.52,0,0
465,CASH_OUT,4899.96,C497943702,26884.06,21984.1,C193329834,3760.44,8660.4,0,0
466,PAYMENT,3759.1,C844886646,7302.96,3543.86,M966953961,5217.12,8976.22,0,0
466,CASH_OUT,3046.95,C860852565,8942.6,5895.65,C607417092,27090.56,30137.51,0,0
466,CASH_IN,7533.19,C606150032,43075.79,50608.98,C175230621,49989.68,57522.87,0,0
466,CASH_OUT,2300.51,C914011181,52487.23,50186.72,C295465560,22945.39,25245.9,0,0
467,CASH_OUT,8009.77,C431508072,10264.03,2254.26,C749540676,26812.31,34822.08,0,0
467,CASH_IN,1241.19,C773914536,101464.71,102705.9,C600100256,34901.32,36142.51,0,0
467,PAYMENT,1121.92,C651970115,22147.62,21025.7,M568622282,36224.56,37346.48,0,0
467,CASH_IN,9148.4,C152764241,51205.25,60353.65,C750153441,9538.68,18687.08,0,0
467,CASH_IN,7566.2,C291079221,28509.84,36076.04,C301302013,9951.61,17517.81,0,0
468,TRANSFER,8067.01,C660148370,17905.72,9838.71,C939525268,14886.61,22953.62,0,0
468,PAYMENT,1501.63,C414374105,19190.77,17689.14,M162994533,4611.43,6113.06,0,0
468,CASH_OUT,21865.82,C657425666,37499.43,15633.61,C101912584,75643.74,97509.56,0,0
469,TRANSFER,889.65,C567800728,10456.68,9567.03,C491906457,12721.64,13611.29,0,0
469,CASH_OUT,11940.76,C720044330,40894.22,28953.46,C563448846,41914.26,53855.02,0,0
469,CASH_OUT,47191.98,C410927380,51549.58,4357.6,C178308332,189.79,47381.77,0,0
469,CASH_OUT,34746.23,C860357578,44309.35,9563.12,C764401699,5489.81,40236.04,0,0
470,TRANSFER,2104.11,C129105135,16912.44,14808.33,C604021955,27723.84,29827.95,0,0
470,CASH_IN,11897.65,C363314575,13775.65,25673.3,C447600519,31613.94,43511.59,0,0
470,TRANSFER,56905.79,C623496792,71688.82,14783.03,C414280025,3287.56,60193.35,0,0
471,CASH_OUT,3560.87,C559032887,35100.99,31540.12,C294468798,5121.19,8682.06,0,0
471,CASH_IN,8788.46,C340486150,42617.55,51406.01,C473829493,11690.55,20479.01,0,0
471,TRANSFER,2286.89,C536419446,22608.29,20321.4,C111098252,18099.19,20386.08,0,0
471,CASH_OUT,24179.55,C576659721,28021.5,3841.95,C729667598,11187.37,35366.92,0,0
472,CASH_IN,7040.91,C231106084,14233.37,21274.28,C124245082,32915.3,39956.21,0,0
472,CASH_IN,17194.84,C510321041,46299.68,63494.52,C355679320,4054.27,21249.11,0,0
472,TRANSFER,2990.53,C584459745,15797.53,12807.0,C612216171,19162.21,22152.74,0,0
472,PAYMENT,1223.08,C985562822,17046.99,15823.91,M559965403,6597.42,7820.5,0,0
473,CASH_OUT,1403.49,C205399615,4337.32,2933.83,C708916376,29697.94,31101.43,0,0
473,TRANSFER,8884.48,C167951050,103672.22,94787.74,C926506992,3435.45,12319.93,0,0
473,PAYMENT,3965.75,C767973919,10374.28,6408.53,M436669225,2068.77,6034.52,0,0
473,PAYMENT,6838.36,C749347144,14651.02,7812.66,M924063874,6425.8,13264.16,0,0
474,CASH_OUT,9261.97,C390393729,31411.15,22149.18,C451599419,1812.43,11074.4,0,0
474,CASH_OUT,5244.26,C748013361,28041.19,22796.93,C498624455,6561.06,11805.32,0,0
474,TRANSFER,3666.83,C651802027,25351.5,21684.67,C324793729,20398.89,24065.72,0,0
475,TRANSFER,6587.29,C367562795,8446.43,1859.14,C445637525,81535.28,88122.57,0,0
475,CASH_OUT,21587.53,C253878735,32122.49,10534.96,C832197174,13734.36,35321.89,0,0
475,DEBIT,518.56,C808290443,80035.26,79516.7,C318412431,16103.52,16622.08,0,0
475,TRANSFER,2414.59,C186012533,100227.69,97813.1,C754621799,65432.73,67847.32,0,0
476,DEBIT,11539.5,C130267797,13406.48,1866.98,C630796485,35190.04,46729.54,0,0
476,PAYMENT,5347.27,C784205555,30018.37,24671.1,M237559589,920.76,6268.03,0,0
476,PAYMENT,1015.96,C662252136,2850.43,1834.47,M573032257,69098.78,70114.74,0,0
477,TRANSFER,26669.08,C946978454,83749.23,57080.15,C227575741,51655.56,78324.64,0,0
477,PAYMENT,4729.21,C385939003,42862.51,38133.3,M420350350,5845.97,10575.18,0,0
477,CASH_IN,2355.69,C649541292,11936.52,14292.21,C389694289,52588.09,54943.78,0,0
478,CASH_OUT,2784.65,C395214605,4472.28,1687.63,C334845107,12895.12,15679.77,0,0
478,PAYMENT,3661.85,C990445005,77933.66,74271.81,M512745169,25608.88,29270.73,0,0
478,DEBIT,2632.52,C373708320,53848.55,51216.03,C581098549,16690.0,19322.52,0,0
478,CASH_OUT,22210.41,C390045363,36176.26,13965.85,C850926204,12715.0,34925.41,0,0
479,CASH_OUT,2447.56,C126231747,5351.92,2904.36,C210861281,82498.83,84946.39,0,0
479,TRANSFER,51142.67,C504975707,58616.65,7473.98,C883822431,17637.67,68780.34,0,0
479,TRANSFER,2175.12,C101428127,7043.02,4867.9,C704844421,24162.51,26337.63,0,0
480,PAYMENT,289.94,C923699361,12606.27,12316.33,M232120018,1498.1,1788.04,0,0
480,CASH_IN,1392.76,C303388366,83698.72,85091.48,C937669943,6833.97,8226.73,0,0
480,PAYMENT,488.23,C166088429,2618.69,2130.46,M328815037,29454.49,29942.72,0,0
480,PAYMENT,2236.51,C594863718,7226.33,4989.82,M374750224,4771.53,7008.04,0,0
480,CASH_OUT,28759.69,C280790756,72297.11,43537.42,C661396798,14936.14,43695.83,0,0
481,TRANSFER,11682.55,C859724486,38138.76,26456.21,C433022733,36666.46,48349.01,0,0
481,PAYMENT,1714.35,C182430197,32959.5,31245.15,M824048276,21815.71,23530.06,0,0
481,CASH_OUT,3655.17,C415681804,3899.07,243.9,C610878596,6900.47,10555.64,0,0
482,PAYMENT,300.4,C621445840,2625.15,2324.75,M283108255,19849.59,20149.99,0,0
482,TRANSFER,28402.86,C740971380,41800.89,13398.03,C521261494,4064.4,32467.26,0,0
482,PAYMENT,4110.88,C640686056,23153.45,19042.57,M360644066,49075.3,53186.18,0,0
483,CASH_OUT,33896.13,C538728895,64816.32,30920.19,C981905768,9473.27,43369.4,0,0
483,CASH_OUT,9133.21,C226133344,45894.08,36760.87,C120060188,979.6,10112.81,0,0
483,CASH_IN,9783.89,C784419873,19550.47,29334.36,C689275850,14951.58,24735.47,0,0
483,PAYMENT,6705.26,C179061847,49524.7,42819.44,M961654870,2792.67,9497.93,0,0
484,TRANSFER,1235.19,C464178936,28659.94,27424.75,C263302599,26899.43,28134.62,0,0
484,DEBIT,2170.13,C986916740,16379.22,14209.09,C252775696,12259.05,14429.18,0,0
484,TRANSFER,72172.17,C925988306,93829.15,21656.98,C205886094,5120.18,77292.35,0,0
485,TRANSFER,120595.09,C395119367,150642.6,30047.51,C164623935,21214.84,141809.93,1,0
485,PAYMENT,2268.7,C295183838,32778.44,30509.74,M739524176,6464.17,8732.87,0,0
485,CASH_IN,17009.98,C621350704,22908.5,39918.48,C144786626,7551.74,24561.72,0,0
485,PAYMENT,9743.64,C726268926,78891.87,69148.23,M280179133,40075.74,49819.38,0,0
485,PAYMENT,11831.62,C454002612,62420.63,50589.01,M537578101,18389.27,30220.89,0,0
486,PAYMENT,1338.68,C523189905,6426.61,5087.93,M864863399,11637.03,12975.71,0,0
486,TRANSFER,9181.35,C803016561,66502.06,57320.71,C585071832,6883.72,16065.07,0,0
486,PAYMENT,759.96,C154610032,21518.44,20758.48,M688087981,8418.54,9178.5,0,0
486,DEBIT,30139.2,C136213515,80387.19,50247.99,C514525936,7266.86,37406.06,0,0
487,PAYMENT,11604.81,C213590918,15588.34,3983.53,M348305901,1384.07,12988.88,0,0
487,PAYMENT,4297.38,C904825621,19808.67,15511.29,M183027288,32543.98,36841.36,0,0
487,PAYMENT,3568.39,C391135770,70690.81,67122.42,M494582451,16755.02,20323.41,0,0
488,DEBIT,20296.45,C135154340,38145.38,17848.93,C281407402,17750.24,38046.69,0,0
488,PAYMENT,2597.38,C502682909,43919.66,41322.28,M911256220,25285.05,27882.43,0,0
488,CASH_OUT,3116.58,C140078991,36516.5,33399.92,C349289913,33842.01,36958.59,0,0
488,CASH_IN,5383.92,C750663135,47758.63,53142.55,C933025506,26791.49,32175.41,0,0
488,PAYMENT,4168.44,C598153702,23257.55,19089.11,M379681325,29109.52,33277.96,0,0
489,TRANSFER,11640.08,C147204953,48287.21,36647.13,C521112041,44696.25,56336.33,0,0
489,PAYMENT,4253.43,C606551672,26941.05,22687.62,M137264820,35291.81,39545.24,0,0
489,DEBIT,10032.21,C635642809,19219.33,9187.12,C108805586,14882.85,24915.06,0,0
490,CASH_IN,13985.77,C800260069,24627.5,38613.27,C707848228,29736.81,43722.58,0,0
490,PAYMENT,2999.51,C878760379,34616.26,31616.75,M553089027,2440.06,5439.57,0,0
490,CASH_OUT,10336.99,C378544087,12536.35,2199.36,C711283469,6386.46,16723.45,0,0
490,CASH_OUT,1313.74,C526786461,34007.73,32693.99,C857924001,7861.63,9175.37,0,0
491,TRANSFER,1702.84,C939303831,9839.31,8136.47,C351474325,38415.95,40118.79,0,0
491,CASH_OUT,23811.11,C187173138,35414.59,11603.48,C174170047,3988.16,27799.27,0,0
491,PAYMENT,1807.59,C621503550,6792.51,4984.92,M480535953,22796.59,24604.18,0,0
491,CASH_OUT,96582.09,C312358261,117158.14,20576.05,C886465787,13672.03,110254.12,0,0
491,CASH_OUT,23602.29,C898482830,34151.72,10549.43,C608250074,45783.66,69385.95,0,0
492,CASH_OUT,45530.1,C892319480,62203.59,16673.49,C971605060,97362.82,142892.92,0,0
492,PAYMENT,3714.44,C450886141,21375.38,17660.94,M468551773,29905.96,33620.4,0,0
492,CASH_IN,23389.0,C139929257,61698.48,85087.48,C341102738,6389.77,29778.77,0,0
492,TRANSFER,9791.0,C895343764,22047.68,12256.68,C326101296,16491.3,26282.3,0,0
492,PAYMENT,352.11,C784575650,11836.32,11484.21,M761052710,32687.84,33039.95,0,0
493,PAYMENT,865.54,C681341371,11043.29,10177.75,M664141419,63976.66,64842.2,0,0
493,TRANSFER,702.4,C345048171,1614.8,912.4,C240641687,924.06,1626.46,0,0
493,PAYMENT,1067.29,C194273359,10346.36,9279.07,M259457549,14004.2,15071.49,0,0
493,DEBIT,5182.47,C542766563,5866.3,683.83,C771654728,1617.55,6800.02,0,0
494,CASH_OUT,6867.89,C791900320,36423.61,29555.72,C379986865,2259.73,9127.62,0,0
494,PAYMENT,4055.33,C649705175,20482.59,16427.26,M307535306,69045.16,73100.49,0,0
494,PAYMENT,1727.95,C634403213,27975.52,26247.57,M143627391,99476.9,101204.85,0,0
494,PAYMENT,3285.46,C921157796,19948.83,16663.37,M950822873,15587.38,18872.84,0,0
495,CASH_IN,51831.49,C590037672,52277.12,104108.61,C886045372,31824.86,83656.35,0,0
495,TRANSFER,1895.56,C362949878,17649.36,15753.8,C889217877,98455.1,100350.66,0,0
495,PAYMENT,1652.43,C390633384,33027.95,31375.52,M282732842,19898.26,21550.69,0,0
496,PAYMENT,1939.13,C811996244,4977.92,3038.79,M867212361,27280.09,29219.22,0,0
496,PAYMENT,407.97,C794777711,12737.7,12329.73,M580980111,34585.83,34993.8,0,0
496,PAYMENT,4738.97,C342251707,13539.27,8800.3,M580761125,95488.17,100227.14,0,0
496,CASH_OUT,10815.11,C137026182,51950.82,41135.71,C485591327,19678.08,30493.19,0,0
497,CASH_OUT,771.63,C649026004,22326.03,21554.4,C642255847,4407.09,5178.72,0,0
497,PAYMENT,8891.97,C103133211,38461.26,29569.29,M358480807,688.58,9580.55,0,0
497,PAYMENT,1970.48,C239289643,17444.69,15474.21,M783845575,17219.54,19190.02,0,0
497,PAYMENT,3308.15,C732998266,12882.42,9574.27,M409680728,37359.45,40667.6,0,0
498,PAYMENT,720.05,C259506327,9542.03,8821.98,M503881991,35416.97,36137.02,0,0
498,PAYMENT,1223.42,C726938414,5582.58,4359.16,M712782984,56815.45,58038.87,0,0
498,TRANSFER,9402.32,C285806091,13033.58,3631.26,C348335813,23763.85,33166.17,0,0
498,TRANSFER,34622.56,C130284261,37655.57,3033.01,C825223274,5641.66,40264.22,0,0
498,PAYMENT,6832.66,C402269103,10132.61,3299.95,M762681467,14509.9,21342.56,0,0
499,CASH_IN,29660.44,C330225419,56581.18,86241.62,C605277064,9629.32,39289.76,0,0
499,CASH_IN,10464.29,C821210900,36297.47,46761.76,C625849588,9752.51,20216.8,0,0
499,CASH_IN,59018.07,C796787190,61799.32,120817.39,C770590522,29027.7,88045.77,0,0
499,PAYMENT,189.41,C702403745,4897.6,4708.19,M413354131,11911.7,12101.11,0,0
500,PAYMENT,5959.53,C822447845,21524.65,15565.12,M396625523,30967.8,36927.33,0,0
500,PAYMENT,2011.25,C751408747,14307.78,12296.53,M407678126,11071.32,13082.57,0,0
500,TRANSFER,26925.66,C209242141,30743.1,3817.44,C465965787,31121.09,58046.75,0,0
500,DEBIT,2091.04,C709765043,49244.51,47153.47,C830654370,33645.26,35736.3,0,0
500,PAYMENT,2954.02,C619384239,20173.49,17219.47,M896739862,33491.87,36445.89,0,0
501,DEBIT,4894.94,C642302931,31782.24,26887.3,C233640480,2810.85,7705.79,0,0
501,PAYMENT,111.47,C851110054,3769.07,3657.6,M880264494,26625.74,26737.21,0,0
501,CASH_IN,1631.7,C713673150,9953.53,11585.23,C431047551,50320.1,51951.8,0,0
501,PAYMENT,1440.63,C242547170,30247.64,28807.01,M394228500,13119.16,14559.79,0,0
501,CASH_OUT,35589.96,C346514056,66655.59,31065.63,C168997670,27339.49,62929.45,0,0
502,CASH_OUT,31599.12,C359590550,35303.58,3704.46,C100809178,12347.55,43946.67,0,0
502,TRANSFER,4356.91,C300352583,7115.7,2758.79,C665268980,13308.09,17665.0,0,0
502,DEBIT,10282.1,C280494616,21226.5,10944.4,C177309808,688.78,10970.88,0,0
502,CASH_IN,2545.1,C281325906,74618.46,77163.56,C992014584,43723.11,46268.21,0,0
503,DEBIT,772.56,C354196808,8042.27,7269.71,C621170637,44210.06,44982.62,0,0
503,PAYMENT,6284.9,C974824613,8847.19,2562.29,M583529101,1769.71,8054.61,0,0
503,PAYMENT,241.66,C245292083,7411.34,7169.68,M388496288,22804.82,23046.48,0,0
503,PAYMENT,1169.68,C306771907,2502.98,1333.3,M524378408,52437.99,53607.67,0,0
503,CASH_IN,6516.3,C711184552,96765.13,103281.43,C488290133,24599.27,31115.57,0,0
504,DEBIT,5538.18,C455652642,11771.57,6233.39,C869583371,38916.49,44454.67,0,0
504,CASH_OUT,16630.4,C449496595,21605.4,4975.0,C109909551,16754.07,33384.47,0,0
504,CASH_OUT,11674.18,C826709571,52256.98,40582.8,C240212104,1671.85,13346.03,0,0
505,PAYMENT,3656.93,C387533387,51966.76,48309.83,M453076647,15610.74,19267.67,0,0
505,PAYMENT,1350.26,C930560860,5090.88,3740.62,M807916595,73964.92,75315.18,0,0
505,TRANSFER,23824.41,C857745462,38188.12,14363.71,C699601330,2751.64,26576.05,0,0
506,CASH_OUT,53486.45,C961274305,59823.69,6337.24,C154441451,16008.99,69495.44,0,0
506,CASH_IN,5199.28,C404651525,49615.7,54814.98,C774189221,73.13,5272.41,0,0
506,PAYMENT,2879.57,C701398919,8338.24,5458.67,M775942682,15855.07,18734.64,0,0
506,TRANSFER,10107.51,C942233255,22795.41,12687.9,C626218082,14831.1,24938.61,0,0
507,TRANSFER,582.82,C312587376,5528.18,4945.36,C132916781,935.31,1518.13,0,0
507,PAYMENT,1341.37,C909766644,18316.28,16974.91,M325853780,17970.23,19311.6,0,0
507,PAYMENT,8153.9,C386397783,9976.32,1822.42,M731424776,23997.35,32151.25,0,0
508,PAYMENT,2224.25,C227424038,15830.71,13606.46,M633531688,30288.26,32512.51,0,0
508,CASH_IN,2614.63,C809545516,12651.16,15265.79,C206221101,13697.1,16311.73,0,0
508,TRANSFER,36226.21,C563449355,58680.69,22454.48,C135103852,8800.28,45026.49,0,0
509,CASH_IN,26322.17,C584818072,46556.26,72878.43,C106722055,1312.23,27634.4,0,0
509,PAYMENT,284.11,C622258259,23488.97,23204.86,M545798062,3039.72,3323.83,0,0
509,TRANSFER,9638.61,C496360164,12218.59,2579.98,C611328849,13572.87,23211.48,0,0
509,CASH_OUT,1604.82,C405290994,10367.83,8763.01,C444370553,71064.86,72669.68,0,0
510,TRANSFER,134442.36,C523880652,170259.38,35817.02,C143513097,25107.68,159550.04,1,0
510,PAYMENT,469.0,C631281435,4240.18,3771.18,M762806054,25394.29,25863.29,0,0
510,CASH_OUT,11825.07,C245889167,106629.36,94804.29,C439378562,42871.71,54696.78,0,0
510,CASH_OUT,11905.1,C462462518,29122.22,17217.12,C954067434,1118.11,13023.21,0,0
510,PAYMENT,2553.7,C386573975,23681.52,21127.82,M500150750,46705.92,49259.62,0,0
511,CASH_IN,8260.15,C209011318,23901.22,32161.37,C433352364,49465.93,57726.08,0,0
511,CASH_OUT,4348.16,C411051714,16309.39,11961.23,C676554783,21643.88,25992.04,0,0
511,CASH_OUT,2061.65,C453040943,2309.37,247.72,C699800906,11552.96,13614.61,0,0
511,PAYMENT,1597.55,C634950566,15933.29,14335.74,M210864279,4526.91,6124.46,0,0
512,PAYMENT,6724.47,C944581422,10080.06,3355.59,M511790528,644.43,7368.9,0,0
512,CASH_OUT,15696.25,C683576558,17184.51,1488.26,C489141930,13175.1,28871.35,0,0
512,PAYMENT,3491.43,C233510535,12561.24,9069.81,M554318404,6144.08,9635.51,0,0
512,CASH_IN,9577.09,C818804592,12606.41,22183.5,C908631683,16618.35,26195.44,0,0
512,PAYMENT,2212.35,C676413443,4304.06,2091.71,M683209516,5857.14,8069.49,0,0
513,TRANSFER,3115.75,C371468805,31345.01,28229.26,C200296497,15336.37,18452.12,0,0
513,PAYMENT,7010.25,C617101092,69444.7,62434.45,M598813052,9420.73,16430.98,0,0
513,CASH_IN,14355.13,C294910408,97074.92,111430.05,C429455611,8506.17,22861.3,0,0
513,CASH_IN,7901.71,C488209647,37605.35,45507.06,C682019180,97937.19,105838.9,0,0
513,TRANSFER,11897.56,C151117909,17568.9,5671.34,C823001708,45588.87,57486.43,0,0
514,PAYMENT,1000.62,C860943353,2188.14,1187.52,M935903026,10480.78,11481.4,0,0
514,PAYMENT,10281.24,C292533315,18813.29,8532.05,M347857510,21715.36,31996.6,0,0
514,PAYMENT,1861.2,C386718817,15284.92,13423.72,M642172270,12844.87,14706.07,0,0
514,CASH_IN,32343.35,C425657813,49193.81,81537.16,C630024551,24233.09,56576.44,0,0
514,PAYMENT,1608.26,C540482308,14516.21,12907.95,M269477403,19578.14,21186.4,0,0
515,PAYMENT,2796.93,C544360501,18042.02,15245.09,M525719649,50999.59,53796.52,0,0
515,PAYMENT,4789.23,C347995908,36407.28,31618.05,M636101339,8066.07,12855.3,0,0
515,CASH_IN,43747.33,C955180146,56170.4,99917.73,C739073808,99066.31,142813.64,0,0
515,TRANSFER,30376.68,C325260214,39787.31,9410.63,C481099006,8414.23,38790.91,0,0
515,PAYMENT,4403.91,C554215578,18723.04,14319.13,M686437006,16947.87,21351.78,0,0
516,CASH_OUT,34228.92,C776819025,45949.1,11720.18,C984674266,23039.93,57268.85,0,0
516,CASH_OUT,25144.09,C569286216,26370.36,1226.27,C961031471,79.32,25223.41,0,0
516,CASH_OUT,5816.62,C365854526,48807.85,42991.23,C368253330,14869.63,20686.25,0,0
516,TRANSFER,15276.27,C182102991,44036.14,28759.87,C857557534,66217.68,81493.95,0,0
517,CASH_OUT,18190.78,C669272639,25307.02,7116.24,C677394473,11107.05,29297.83,0,0
517,DEBIT,5401.75,C990982456,36940.59,31538.84,C222742045,116533.02,121934.77,0,0
517,PAYMENT,15791.21,C291638854,15837.61,46.4,M485740263,1129.17,16920.38,0,0
517,PAYMENT,3106.41,C713537316,3220.05,113.64,M396479630,69151.66,72258.07,0,0
518,CASH_OUT,28554.39,C548412350,30409.96,1855.57,C587925953,16717.6,45271.99,0,0
518,PAYMENT,1670.43,C205220062,3036.22,1365.79,M774767261,10724.25,12394.68,0,0
518,PAYMENT,5054.46,C949356767,6555.75,1501.29,M949063596,77591.41,82645.87,0,0
519,CASH_IN,17673.71,C102681206,54586.34,72260.05,C585037712,6934.42,24608.13,0,0
519,TRANSFER,2853.26,C816634295,9852.65,6999.39,C756585740,6611.65,9464.91,0,0
519,PAYMENT,4981.02,C754250615,15368.35,10387.33,M869778637,59141.05,64122.07,0,0
519,PAYMENT,2041.29,C703340008,6991.91,4950.62,M310369424,856.23,2897.52,0,0
519,PAYMENT,1714.19,C627940309,5875.42,4161.23,M141280792,31805.53,33519.72,0,0
520,TRANSFER,26341.79,C408274739,46613.84,20272.05,C334751541,18678.39,45020.18,0,0
520,TRANSFER,4511.4,C331750039,11360.36,6848.96,C328466740,20712.09,25223.49,0,0
520,PAYMENT,7559.22,C750454027,21290.42,13731.2,M191952593,8361.45,15920.67,0,0
520,PAYMENT,3079.17,C192543848,30696.97,27617.8,M333354314,9553.0,12632.17,0,0
521,PAYMENT,4683.8,C501518293,29233.85,24550.05,M212397407,1618.52,6302.32,0,0
521,DEBIT,557.41,C455260223,8161.26,7603.85,C917970091,2686.63,3244.04,0,0
521,TRANSFER,5228.74,C600569761,12747.29,7518.55,C498194586,38889.43,44118.17,0,0
521,CASH_IN,9032.58,C646808005,18506.97,27539.55,C786950576,83160.42,92193.0,0,0
521,PAYMENT,3584.84,C691197088,56818.95,53234.11,M377579676,46487.37,50072.21,0,0
522,PAYMENT,648.0,C814619916,4685.61,4037.61,M639066602,8158.47,8806.47,0,0
522,PAYMENT,3482.04,C306382685,9748.0,6265.96,M933147672,16128.3,19610.34,0,0
522,CASH_OUT,113533.69,C572663140,127339.55,13805.86,C550147216,12158.21,125691.9,0,0
522,CASH_IN,10193.03,C997144465,30318.66,40511.69,C576644847,36826.89,47019.92,0,0
522,PAYMENT,5976.06,C815131089,22038.4,16062.34,M898962700,13437.69,19413.75,0,0
523,PAYMENT,3313.17,C734423253,8173.48,4860.31,M659018935,28315.59,31628.76,0,0
523,CASH_OUT,5749.78,C876561415,26840.14,21090.36,C686696407,33542.34,39292.12,0,0
523,PAYMENT,3205.5,C882516763,28185.38,24979.88,M723332500,5554.08,8759.58,0,0
523,CASH_IN,5582.73,C816686860,6779.68,12362.41,C605886946,2955.86,8538.59,0,0
524,TRANSFER,2078.19,C163107629,7616.7,5538.51,C907644745,60497.28,62575.47,0,0
524,DEBIT,19036.23,C802839945,19674.75,638.52,C954036877,33314.14,52350.37,0,0
524,PAYMENT,7195.48,C142622487,33004.73,25809.25,M171619443,52521.13,59716.61,0,0
524,PAYMENT,1620.74,C365703251,13757.15,12136.41,M152866880,7773.86,9394.6,0,0
525,TRANSFER,56454.16,C423649013,56796.02,341.86,C639234074,36759.1,93213.26,0,0
525,DEBIT,2421.03,C896749190,2775.19,354.16,C166927749,8679.03,11100.06,0,0
525,CASH_OUT,11445.94,C709283896,20741.94,9296.0,C521317363,33.86,11479.8,0,0
526,CASH_OUT,12423.78,C516873070,34938.11,22514.33,C655146467,19794.55,32218.33,0,0
526,DEBIT,14476.65,C993334983,19117.69,4641.04,C276713207,4131.53,18608.18,0,0
526,CASH_IN,19075.12,C543634913,32311.08,51386.2,C904784284,34403.1,53478.22,0,0
526,TRANSFER,1393.77,C927744648,6860.38,5466.61,C992450393,18914.82,20308.59,0,0
526,CASH_OUT,16017.3,C424721179,46022.51,30005.21,C363253791,5734.74,21752.04,0,0
527,PAYMENT,555.27,C517446936,30958.36,30403.09,M625762585,21586.43,22141.7,0,0
527,PAYMENT,5099.99,C771822915,14925.87,9825.88,M683920999,28031.44,33131.43,0,0
527,PAYMENT,1370.24,C475123045,8234.26,6864.02,M819346227,15871.4,17241.64,0,0
527,CASH_IN,18950.71,C916458521,22137.73,41088.44,C367160817,196.81,19147.52,0,0
528,TRANSFER,2662.82,C322980517,17748.8,15085.98,C993070257,6923.28,9586.1,0,0
528,TRANSFER,17573.73,C619298437,23997.23,6423.5,C427444932,41122.16,58695.89,0,0
528,TRANSFER,12363.95,C995921374,13261.8,897.85,C885188748,4530.55,16894.5,0,0
529,TRANSFER,34693.97,C502222240,37640.76,2946.79,C848823147,132364.95,167058.92,0,0
529,TRANSFER,7960.21,C567693224,12346.37,4386.16,C783388395,75618.63,83578.84,0,0
529,CASH_IN,19157.49,C398671096,24104.1,43261.59,C196807357,15356.71,34514.2,0,0
530,CASH_OUT,1638.35,C155961553,81092.75,79454.4,C625460341,5271.35,6909.7,0,0
530,CASH_OUT,36273.01,C951739920,100718.44,64445.43,C931941985,18425.37,54698.38,0,0
530,CASH_IN,21739.57,C547629673,34699.23,56438.8,C794373516,31675.58,53415.15,0,0
530,PAYMENT,3170.08,C234642256,6721.53,3551.45,M815543590,20815.13,23985.21,0,0
531,CASH_IN,14359.71,C138819913,45048.25,59407.96,C466823844,11829.64,26189.35,0,0
531,CASH_OUT,25002.36,C349448617,32764.79,7762.43,C297812180,47103.79,72106.15,0,0
531,CASH_OUT,2003.92,C225283192,12312.79,10308.87,C867519332,56259.97,58263.89,0,0
531,PAYMENT,7049.54,C734953463,99326.45,92276.91,M760596149,77442.46,84492.0,0,0
532,PAYMENT,4393.97,C681726018,14360.66,9966.69,M622800880,35087.54,39481.51,0,0
532,CASH_IN,45717.18,C209727577,54553.16,100270.34,C431239002,38726.11,84443.29,0,0
532,PAYMENT,2590.85,C811263313,23969.85,21379.0,M566340954,6874.05,9464.9,0,0
533,CASH_IN,55461.19,C125589001,92089.85,147551.04,C218194006,34835.21,90296.4,0,0
533,PAYMENT,9492.6,C601524833,32253.18,22760.58,M736419349,6368.77,15861.37,0,0
533,TRANSFER,19549.55,C443978930,30704.46,11154.91,C371977271,9875.69,29425.24,0,0
533,DEBIT,2829.02,C718880302,49646.72,46817.7,C873535942,46745.66,49574.68,0,0
534,TRANSFER,23236.86,C291150833,27817.08,4580.22,C696516947,22358.97,45595.83,0,0
534,PAYMENT,1308.45,C240916269,5949.0,4640.55,M551101286,1845.42,3153.87,0,0
534,PAYMENT,8579.72,C784669634,10577.3,1997.58,M129723044,43825.02,52404.74,0,0
535,TRANSFER,141187.38,C764219625,173849.22,32661.84,C421211395,7579.75,148767.13,1,0
535,CASH_IN,12118.44,C271924083,23194.08,35312.52,C239468023,957.38,13075.82,0,0
535,PAYMENT,4451.5,C488398588,15227.97,10776.47,M100049976,18480.31,22931.81,0,0
535,PAYMENT,10944.45,C332781733,11147.29,202.84,M974362470,14383.3,25327.75,0,0
535,CASH_IN,1299.44,C358061131,6379.06,7678.5,C920848579,27195.31,28494.75,0,0
536,TRANSFER,21848.67,C327336497,67123.81,45275.14,C570861625,42597.39,64446.06,0,0
536,PAYMENT,1050.05,C619437693,9268.59,8218.54,M638401976,192320.99,193371.04,0,0
536,TRANSFER,4236.32,C715018708,19874.62,15638.3,C153613589,4051.25,8287.57,0,0
536,TRANSFER,8528.56,C999026121,8946.32,417.76,C116448425,7834.22,16362.78,0,0
536,TRANSFER,5196.98,C282202377,18347.46,13150.48,C651620063,11224.07,16421.05,0,0
537,CASH_OUT,21844.7,C231992304,36269.64,14424.94,C540302693,17777.21,39621.91,0,0
537,TRANSFER,41029.13,C783007169,64923.4,23894.27,C432887127,31322.66,72351.79,0,0
537,TRANSFER,38573.57,C637408889,64684.9,26111.33,C935781014,49456.61,88030.18,0,0
537,PAYMENT,5036.3,C710617416,13509.14,8472.84,M938552028,10222.17,15258.47,0,0
537,CASH_IN,29625.2,C163218224,55595.03,85220.23,C964017982,20642.56,50267.76,0,0
538,TRANSFER,6109.15,C128658787,36963.96,30854.81,C800231438,33148.23,39257.38,0,0
538,TRANSFER,882.74,C634220194,1112.41,229.67,C482240627,30409.55,31292.29,0,0
538,CASH_IN,9134.76,C979914298,23041.27,32176.03,C353319895,30620.82,39755.58,0,0
538,TRANSFER,12171.9,C120596928,19559.42,7387.52,C871358708,16457.26,28629.16,0,0
538,PAYMENT,9872.33,C969589650,19974.29,10101.96,M326375138,3530.88,13403.21,0,0
539,DEBIT,17458.62,C271994262,25070.65,7612.03,C636996267,42376.36,59834.98,0,0
539,TRANSFER,1602.95,C636330167,56361.93,54758.98,C369995213,47541.63,49144.58,0,0
539,CASH_IN,15332.65,C799285319,16397.2,31729.85,C847409871,19899.37,35232.02,0,0
539,PAYMENT,1199.21,C794304907,20619.03,19419.82,M542203418,10163.52,11362.73,0,0
540,CASH_IN,14452.22,C554642720,21182.9,35635.12,C244997434,14174.62,28626.84,0,0
540,CASH_OUT,6562.25,C982192349,15927.83,9365.58,C343033537,72261.16,78823.41,0,0
540,CASH_OUT,17197.32,C599036374,21635.01,4437.69,C668147534,13546.47,30743.79,0,0
541,CASH_OUT,70130.29,C213039697,126827.22,56696.93,C423213079,61548.64,131678.93,0,0
541,PAYMENT,1894.15,C542902849,72481.5,70587.35,M870365456,3006.31,4900.46,0,0
541,TRANSFER,20584.58,C452974291,31573.44,10988.86,C978554585,10636.24,31220.82,0,0
541,TRANSFER,5103.51,C172112225,18299.29,13195.78,C981898249,7817.61,12921.12,0,0
542,CASH_OUT,2831.26,C430624294,6608.77,3777.51,C509566646,64931.36,67762.62,0,0
542,PAYMENT,1788.33,C525393259,14038.94,12250.61,M940943763,2415.4,4203.73,0,0
542,CASH_OUT,15892.92,C629396869,21670.39,5777.47,C975281301,28177.32,44070.24,0,0
542,CASH_OUT,14624.41,C210622138,20948.68,6324.27,C370185192,22761.96,37386.37,0,0
543,PAYMENT,473.51,C764983817,19421.82,18948.31,M955062488,5990.88,6464.39,0,0
543,CASH_IN,600.57,C476178453,20228.08,20828.65,C195782135,11692.35,12292.92,0,0
543,PAYMENT,3062.45,C456164675,58123.55,55061.1,M682455596,19521.61,22584.06,0,0
544,CASH_IN,8138.29,C603580717,12316.71,20455.0,C485694956,27903.67,36041.96,0,0
544,CASH_IN,2111.99,C888482101,10033.52,12145.51,C135733873,55194.84,57306.83,0,0
544,PAYMENT,5038.14,C137416206,39031.12,33992.98,M578114158,17973.24,23011.38,0,0
544,TRANSFER,84339.22,C301330730,104644.22,20305.0,C586584080,6927.53,91266.75,0,0
544,CASH_OUT,1937.61,C393645044,43925.61,41988.0,C955859568,33554.37,35491.98,0,0
545,PAYMENT,1420.03,C189362500,3025.7,1605.67,M167917165,60525.29,61945.32,0,0
545,TRANSFER,8794.82,C517023136,31142.87,22348.05,C558409273,2115.79,10910.61,0,0
545,CASH_IN,27847.99,C672451454,62478.27,90326.26,C336611109,67468.78,95316.77,0,0
545,TRANSFER,3852.44,C158458981,31016.8,27164.36,C601581769,33477.39,37329.83,0,0
545,TRANSFER,1563.72,C862338000,52270.87,50707.15,C620176105,21953.74,23517.46,0,0
546,PAYMENT,6111.74,C724256693,45408.85,39297.11,M809774176,890.88,7002.62,0,0
546,CASH_OUT,8448.58,C692509050,32895.45,24446.87,C631385913,13947.99,22396.57,0,0
546,TRANSFER,16218.32,C245974606,17541.25,1322.93,C900069156,43537.58,59755.9,0,0
547,CASH_OUT,14201.13,C319241219,32044.44,17843.31,C963712460,13090.72,27291.85,0,0
547,TRANSFER,930.8,C233307520,29846.65,28915.85,C552660430,13176.88,14107.68,0,0
547,CASH_OUT,5021.37,C580523604,8519.46,3498.09,C785014053,1827.5,6848.87,0,0
547,PAYMENT,3373.89,C375417708,38404.07,35030.18,M665606854,14773.85,18147.74,0,0
548,PAYMENT,7853.29,C164448823,23974.24,16120.95,M930245146,7355.33,15208.62,0,0
548,CASH_OUT,1695.97,C268761496,36914.78,35218.81,C626716759,6085.57,7781.54,0,0
548,DEBIT,23651.78,C548501737,33004.55,9352.77,C667865965,7919.15,31570.93,0,0
549,PAYMENT,7116.45,C329227506,42423.23,35306.78,M433464581,10726.92,17843.37,0,0
549,TRANSFER,24233.59,C477563600,32689.32,8455.73,C677142870,15490.15,39723.74,0,0
549,TRANSFER,700.09,C788764188,12993.81,12293.72,C297323208,13237.2,13937.29,0,0
550,TRANSFER,10581.84,C809891472,37571.54,26989.7,C871413036,49689.32,60271.16,0,0
550,TRANSFER,23869.21,C793047957,39459.42,15590.21,C300947293,10586.78,34455.99,0,0
550,TRANSFER,20274.71,C621818745,29022.23,8747.52,C665486066,2782.94,23057.65,0,0
550,PAYMENT,2297.07,C362003722,7927.16,5630.09,M562794267,1486.64,3783.71,0,0
551,PAYMENT,1326.95,C599506759,87056.44,85729.49,M408860567,13392.3,14719.25,0,0
551,CASH_OUT,31273.71,C943659593,41889.68,10615.97,C868706754,35019.43,66293.14,0,0
551,PAYMENT,1290.49,C617659381,18423.09,17132.6,M300511628,559.76,1850.25,0,0
551,CASH_IN,18391.9,C886525500,26617.74,45009.64,C603386943,3853.32,22245.22,0,0
552,TRANSFER,2320.41,C725668400,25040.32,22719.91,C163569689,37068.67,39389.08,0,0
552,CASH_IN,22974.44,C283644688,61915.9,84890.34,C578187069,27963.73,50938.17,0,0
552,TRANSFER,33023.4,C114054779,75690.96,42667.56,C910166687,32855.53,65878.93,0,0
552,CASH_OUT,21453.55,C633309013,58525.33,37071.78,C406610680,16594.31,38047.86,0,0
553,PAYMENT,2375.15,C887878226,36737.76,34362.61,M145362588,12961.73,15336.88,0,0
553,TRANSFER,701.87,C691958557,21571.53,20869.66,C786074797,390.75,1092.62,0,0
553,PAYMENT,799.42,C646966037,13849.51,13050.09,M280326023,5013.87,5813.29,0,0
553,CASH_OUT,28751.01,C737020984,108776.12,80025.11,C295786867,14967.69,43718.7,0,0
553,TRANSFER,68447.82,C353657722,69323.46,875.64,C926978524,14782.23,83230.05,0,0
554,TRANSFER,7490.97,C987487414,16718.17,9227.2,C395123002,15601.66,23092.63,0,0
554,CASH_OUT,16538.55,C870037855,16706.53,167.98,C996641642,6136.88,22675.43,0,0
554,CASH_OUT,10424.42,C666887070,43067.77,32643.35,C122821211,37049.17,47473.59,0,0
554,TRANSFER,1531.63,C856219080,19059.27,17527.64,C170931591,38076.92,39608.55,0,0
554,CASH_OUT,24868.43,C136515315,27892.44,3024.01,C177344057,27804.41,52672.84,0,0
555,TRANSFER,16792.13,C703054299,26702.83,9910.7,C516451454,4319.55,21111.68,0,0
555,PAYMENT,2889.74,C761995071,32660.95,29771.21,M886679572,47862.58,50752.32,0,0
555,TRANSFER,21798.84,C808545980,47002.45,25203.61,C344403019,7900.07,29698.91,0,0
556,PAYMENT,2847.16,C850978653,43443.38,40596.22,M578947713,32215.08,35062.24,0,0
556,CASH_OUT,12744.22,C942484225,15613.56,2869.34,C463646681,14668.34,27412.56,0,0
556,TRANSFER,48230.15,C194257535,64171.11,15940.96,C877762160,19049.11,67279.26,0,0
556,CASH_OUT,21188.76,C223370461,27469.61,6280.85,C420025728,5296.64,26485.4,0,0
556,CASH_OUT,4202.24,C416828550,10350.01,6147.77,C509324387,27115.44,31317.68,0,0
557,DEBIT,9785.16,C257661143,11635.91,1850.75,C906261573,30011.88,39797.04,0,0
557,TRANSFER,8993.65,C141130558,15124.27,6130.62,C233784320,13413.89,22407.54,0,0
557,CASH_IN,26586.96,C267414903,65642.49,92229.45,C658517051,38285.59,64872.55,0,0
557,TRANSFER,3867.14,C423370727,30520.61,26653.47,C160993015,14336.13,18203.27,0,0
557,CASH_OUT,1986.16,C429434293,26526.75,24540.59,C369352928,85481.68,87467.84,0,0
558,CASH_IN,6432.11,C343374559,28865.15,35297.26,C320537946,143.37,6575.48,0,0
558,TRANSFER,13200.15,C792312316,20857.73,7657.58,C332058255,81207.24,94407.39,0,0
558,CASH_IN,28874.92,C384243914,29150.78,58025.7,C770065589,2090.58,30965.5,0,0
558,PAYMENT,147.6,C161647309,49830.53,49682.93,M173657758,30617.87,30765.47,0,0
558,PAYMENT,526.92,C613361130,634.13,107.21,M149975039,69682.91,70209.83,0,0
559,CASH_IN,13762.31,C397762883,107272.35,121034.66,C447679256,35339.6,49101.91,0,0
559,TRANSFER,18934.08,C438615960,24132.19,5198.11,C697990314,22711.28,41645.36,0,0
559,CASH_IN,40205.64,C609069851,55207.5,95413.14,C494730166,5944.88,46150.52,0,0
560,TRANSFER,112663.12,C915750821,141765.53,29102.41,C500111512,25200.19,137863.31,1,0
560,CASH_IN,27331.33,C862492470,67180.68,94512.01,C582888858,2915.12,30246.45,0,0
560,CASH_IN,15480.56,C919840424,36151.48,51632.04,C333606486,91480.74,106961.3,0,0
560,PAYMENT,2526.94,C358808646,20817.89,18290.95,M683859263,4941.65,7468.59,0,0
560,CASH_OUT,9609.28,C971496400,45934.47,36325.19,C820526254,4650.06,14259.34,0,0
561,CASH_OUT,14612.5,C974365134,51034.82,36422.32,C957445418,40589.81,55202.31,0,0
561,CASH_IN,12015.96,C752350557,54692.33,66708.29,C974176601,21956.8,33972.76,0,0
561,DEBIT,15932.56,C457301785,42917.52,26984.96,C437403317,2492.98,18425.54,0,0
561,CASH_OUT,18692.19,C844468775,23940.14,5247.95,C385733916,61826.1,80518.29,0,0
562,CASH_IN,16640.09,C585317676,91390.54,108030.63,C106767567,28757.15,45397.24,0,0
562,TRANSFER,24647.08,C326088446,27322.75,2675.67,C678030847,5595.88,30242.96,0,0
562,PAYMENT,3625.3,C611064888,16135.43,12510.13,M542551518,46996.4,50621.7,0,0
562,PAYMENT,1325.16,C896259636,75379.16,74054.0,M387833830,42453.16,43778.32,0,0
562,CASH_IN,42200.9,C322810605,51943.0,94143.9,C465516690,1842.1,44043.0,0,0
563,PAYMENT,1999.59,C926280663,4128.55,2128.96,M179723877,4582.78,6582.37,0,0
563,PAYMENT,10944.3,C813058296,79636.16,68691.86,M139911037,14483.88,25428.18,0,0
563,PAYMENT,4902.82,C660840895,12018.71,7115.89,M427508077,6615.62,11518.44,0,0
563,PAYMENT,989.01,C545373859,23405.81,22416.8,M552344880,1615.19,2604.2,0,0
564,PAYMENT,6955.36,C497907903,8546.62,1591.26,M215119441,108054.54,115009.9,0,0
564,PAYMENT,411.36,C325140086,24940.88,24529.52,M440652062,24007.29,24418.65,0,0
564,PAYMENT,2053.12,C123659943,9290.43,7237.31,M231237129,9337.89,11391.01,0,0
565,CASH_IN,9244.13,C725810921,43806.44,53050.57,C342508766,1466.66,10710.79,0,0
565,TRANSFER,9699.28,C419062703,25547.03,15847.75,C516879704,120007.98,129707.26,0,0
565,CASH_OUT,3833.02,C263306302,6534.68,2701.66,C293107918,20670.12,24503.14,0,0
565,CASH_OUT,42806.33,C938233818,57601.05,14794.72,C167960025,15912.9,58719.23,0,0
566,TRANSFER,10400.93,C778959547,19370.59,8969.66,C478946770,49116.18,59517.11,0,0
566,TRANSFER,6467.66,C813588922,35214.95,28747.29,C976129987,3366.93,9834.59,0,0
566,PAYMENT,9175.16,C143586949,25949.13,16773.97,M853730788,21646.74,30821.9,0,0
567,CASH_IN,8231.94,C883070279,17541.76,25773.7,C326182694,27093.14,35325.08,0,0
567,PAYMENT,2638.04,C809967924,9170.46,6532.42,M895730139,6170.22,8808.26,0,0
567,PAYMENT,5341.12,C546036575,57720.98,52379.86,M253362837,87602.79,92943.91,0,0
567,CASH_OUT,2814.78,C112019231,34778.04,31963.26,C634930637,11447.56,14262.34,0,0
568,PAYMENT,4022.05,C297252350,12261.25,8239.2,M414491228,111682.31,115704.36,0,0
568,PAYMENT,973.65,C632884217,15734.57,14760.92,M186217428,22224.98,23198.63,0,0
568,CASH_OUT,15151.68,C282943345,16251.67,1099.99,C530705577,11811.38,26963.06,0,0
568,PAYMENT,1025.17,C534733966,5475.68,4450.51,M333377664,8701.7,9726.87,0,0
568,PAYMENT,8998.69,C278073261,27827.86,18829.17,M936082966,64598.01,73596.7,0,0
569,CASH_IN,9968.62,C145422040,34214.66,44183.28,C196706715,23879.28,33847.9,0,0
569,CASH_OUT,11289.97,C895308044,40635.62,29345.65,C976530973,12681.87,23971.84,0,0
569,DEBIT,3307.75,C155376477,7882.14,4574.39,C230840532,10403.48,13711.23,0,0
569,TRANSFER,14822.71,C142322633,44527.57,29704.86,C789796296,3292.64,18115.35,0,0
569,CASH_OUT,5395.73,C908220979,58124.33,52728.6,C542304312,140658.69,146054.42,0,0
570,CASH_OUT,4140.65,C313092110,16675.95,12535.3,C469397535,37112.13,41252.78,0,0
570,CASH_IN,3644.88,C845159869,27434.75,31079.63,C840312730,23589.67,27234.55,0,0
570,PAYMENT,271.38,C638959530,21354.62,21083.24,M394054502,5917.8,6189.18,0,0
570,CASH_OUT,29620.61,C869420694,82064.07,52443.46,C465355431,11388.16,41008.77,0,0
570,PAYMENT,4252.0,C206238773,6084.41,1832.41,M877871858,8310.05,12562.05,0,0
571,PAYMENT,191.7,C820987198,1039.4,847.7,M288016065,25340.33,25532.03,0,0
571,CASH_OUT,16393.04,C390123749,23402.77,7009.73,C925964727,24164.35,40557.39,0,0
571,CASH_OUT,11088.33,C217959897,59909.42,48821.09,C531271637,10379.18,21467.51,0,0
571,TRANSFER,17503.36,C985820520,26023.43,8520.07,C284775632,14301.79,31805.15,0,0
571,CASH_OUT,5388.64,C439042151,12901.81,7513.17,C710981613,47350.49,52739.13,0,0
572,PAYMENT,5497.65,C897717447,61434.11,55936.46,M896649918,15074.15,20571.8,0,0
572,PAYMENT,640.56,C508936011,7015.76,6375.2,M799181967,10441.93,11082.49,0,0
572,TRANSFER,37167.88,C121588887,49901.71,12733.83,C913438530,27111.35,64279.23,0,0
572,CASH_OUT,21528.31,C861035986,68471.55,46943.24,C434539785,42512.51,64040.82,0,0
573,CASH_IN,23501.48,C802328500,29240.68,52742.16,C593760616,31568.36,55069.84,0,0
573,CASH_IN,7118.76,C783652566,14111.96,21230.72,C132059531,8876.09,15994.85,0,0
573,PAYMENT,1839.77,C916992130,10214.05,8374.28,M892990365,14051.11,15890.88,0,0
573,DEBIT,2415.64,C602182771,9207.65,6792.01,C235097824,16972.21,19387.85,0,0
574,PAYMENT,4071.46,C806116372,21593.88,17522.42,M667958552,12362.34,16433.8,0,0
574,TRANSFER,1194.57,C781445315,18612.18,17417.61,C165184214,2797.13,3991.7,0,0
574,CASH_IN,11608.08,C737315010,22189.81,33797.89,C957661631,20557.48,32165.56,0,0
574,CASH_IN,1795.37,C318960444,32076.86,33872.23,C116912586,2598.96,4394.33,0,0
575,TRANSFER,2395.51,C388768584,47604.8,45209.29,C465409125,38254.13,40649.64,0,0
575,CASH_OUT,14893.61,C238692571,19941.51,5047.9,C587331594,51610.64,66504.25,0,0
575,CASH_OUT,21184.47,C908809916,26838.21,5653.74,C363091135,13771.58,34956.05,0,0
576,PAYMENT,10592.16,C518840046,13709.08,3116.92,M878393556,3074.01,13666.17,0,0
576,PAYMENT,2324.41,C419703424,8154.41,5830.0,M589498734,21546.94,23871.35,0,0
576,TRANSFER,26520.96,C428306709,39497.84,12976.88,C403637712,10801.1,37322.06,0,0
576,TRANSFER,25076.4,C346147061,29767.05,4690.65,C435778320,2212.27,27288.67,0,0
577,TRANSFER,37109.17,C884571917,46701.89,9592.72,C382128546,41309.38,78418.55,0,0
577,DEBIT,7782.51,C210627230,15010.11,7227.6,C998180848,67411.03,75193.54,0,0
577,PAYMENT,8242.93,C833413782,23410.39,15167.46,M889700400,830.11,9073.04,0,0
578,PAYMENT,962.14,C771774143,20273.81,19311.67,M762112826,10090.79,11052.93,0,0
578,CASH_IN,28451.64,C599755894,42812.75,71264.39,C820124287,37133.22,65584.86,0,0
578,PAYMENT,3646.0,C549537938,8911.78,5265.78,M736668322,28591.79,32237.79,0,0
579,DEBIT,25784.34,C908212860,35135.13,9350.79,C580310588,7370.57,33154.91,0,0
579,PAYMENT,1415.04,C235983045,23944.35,22529.31,M800820620,26835.3,28250.34,0,0
579,PAYMENT,1608.87,C341926951,5020.19,3411.32,M880734275,43905.29,45514.16,0,0
579,PAYMENT,1729.96,C178495583,44023.91,42293.95,M822429211,20356.92,22086.88,0,0
580,PAYMENT,10489.98,C993860040,17999.86,7509.88,M153012638,45273.33,55763.31,0,0
580,PAYMENT,1974.3,C681600233,9587.41,7613.11,M656699750,8411.29,10385.59,0,0
580,PAYMENT,1234.25,C862090692,31604.62,30370.37,M284908657,12696.91,13931.16,0,0
580,TRANSFER,34107.48,C456180420,34269.32,161.84,C778840982,71694.39,105801.87,0,0
581,TRANSFER,7647.34,C102050053,13432.19,5784.85,C808930454,46481.53,54128.87,0,0
581,TRANSFER,11326.15,C751044041,28347.55,17021.4,C351119332,9833.89,21160.04,0,0
581,PAYMENT,1052.36,C944799071,68532.11,67479.75,M127397770,12569.59,13621.95,0,0
582,PAYMENT,5938.76,C338070213,17555.62,11616.86,M402480887,3550.75,9489.51,0,0
582,TRANSFER,14987.87,C229661929,15510.02,522.15,C977904844,23128.8,38116.67,0,0
582,CASH_OUT,17973.47,C334043642,73757.52,55784.05,C617060720,4997.38,22970.85,0,0
583,CASH_IN,8667.0,C817010646,19465.0,28132.0,C299537919,4365.55,13032.55,0,0
583,PAYMENT,1724.6,C302769993,47373.32,45648.72,M131280152,2196.96,3921.56,0,0
583,TRANSFER,2084.5,C325018904,23762.05,21677.55,C171264168,23060.83,25145.33,0,0
583,PAYMENT,898.99,C444245844,36928.79,36029.8,M201824010,91914.48,92813.47,0,0
583,PAYMENT,889.85,C219052545,53089.4,52199.55,M608565055,13602.12,14491.97,0,0
584,PAYMENT,1734.2,C713729809,40766.44,39032.24,M141604850,32840.72,34574.92,0,0
584,CASH_IN,23322.47,C342377134,29019.48,52341.95,C373617386,29909.73,53232.2,0,0
584,TRANSFER,13028.09,C289831809,14305.76,1277.67,C126875637,19162.74,32190.83,0,0
584,CASH_OUT,21381.85,C635676782,35779.19,14397.34,C666786750,5405.68,26787.53,0,0
585,CASH_OUT,157207.78,C140322851,167787.17,10579.39,C389074132,4379.56,161587.34,1,0
585,PAYMENT,744.22,C475613276,20438.66,19694.44,M317150069,8468.3,9212.52,0,0
585,PAYMENT,1310.39,C320305388,42212.57,40902.18,M799204678,35582.98,36893.37,0,0
586,PAYMENT,1605.46,C326612659,5125.11,3519.65,M228593837,21215.56,22821.02,0,0
586,DEBIT,21916.81,C303645212,25149.54,3232.73,C760995059,7805.33,29722.14,0,0
586,TRANSFER,8375.28,C835706257,9542.28,1167.0,C871793679,882.2,9257.48,0,0
587,PAYMENT,4971.39,C142211548,13428.22,8456.83,M707757117,10286.24,15257.63,0,0
587,PAYMENT,490.71,C792795282,21379.16,20888.45,M577330418,52009.66,52500.37,0,0
587,CASH_OUT,2781.67,C419332739,5013.52,2231.85,C295773727,1158.81,3940.48,0,0
588,CASH_OUT,7205.43,C250062915,13517.29,6311.86,C835602617,2117.98,9323.41,0,0
588,CASH_IN,3047.62,C826114793,34627.55,37675.17,C603714371,26927.85,29975.47,0,0
588,CASH_OUT,30660.1,C177332767,49979.7,19319.6,C269391442,13241.31,43901.41,0,0
588,TRANSFER,6513.54,C103053407,44532.69,38019.15,C375873552,5626.4,12139.94,0,0
588,CASH_IN,18023.66,C654800010,34270.87,52294.53,C414706048,37798.33,55821.99,0,0
589,TRANSFER,4887.09,C937557215,11851.8,6964.71,C700923360,5903.14,10790.23,0,0
589,CASH_OUT,4875.88,C149987331,7046.36,2170.48,C596336663,3365.59,8241.47,0,0
589,CASH_IN,17305.46,C680164802,25146.45,42451.91,C516127468,28212.65,45518.11,0,0
589,CASH_OUT,14362.96,C123213953,31493.19,17130.23,C883970959,14011.88,28374.84,0,0
590,PAYMENT,155.67,C929194537,5469.72,5314.05,M926155451,24542.75,24698.42,0,0
590,CASH_OUT,4202.21,C746071541,7009.85,2807.64,C357454500,23284.92,27487.13,0,0
590,DEBIT,1190.61,C887922079,14212.62,13022.01,C492210593,66077.48,67268.09,0,0
590,PAYMENT,1978.36,C627131145,3680.78,1702.42,M158765512,7480.09,9458.45,0,0
591,CASH_OUT,8837.3,C850103959,22406.37,13569.07,C306782075,25087.9,33925.2,0,0
591,DEBIT,8109.58,C702946059,26040.17,17930.59,C340427534,4535.08,12644.66,0,0
591,PAYMENT,1451.8,C486018125,38080.99,36629.19,M300559213,3409.41,4861.21,0,0
591,DEBIT,30317.61,C715389175,68473.72,38156.11,C747197845,119056.03,149373.64,0,0
591,CASH_OUT,23540.7,C553038519,54963.44,31422.74,C745379427,28203.17,51743.87,0,0
592,CASH_OUT,4888.12,C194294138,6592.03,1703.91,C127205484,64520.16,69408.28,0,0
592,PAYMENT,510.12,C169765086,1378.08,867.96,M926207974,28849.92,29360.04,0,0
592,CASH_IN,27734.3,C498276294,30434.0,58168.3,C647047740,41974.32,69708.62,0,0
592,CASH_IN,9761.41,C393183236,11945.08,21706.49,C743334753,12855.25,22616.66,0,0
593,PAYMENT,6754.73,C412358242,15574.38,8819.65,M158557684,7341.88,14096.61,0,0
593,PAYMENT,2431.54,C720212108,65658.61,63227.07,M534439079,20853.08,23284.62,0,0
593,TRANSFER,1833.39,C675708766,11393.43,9560.04,C309907096,23357.25,25190.64,0,0
593,TRANSFER,4622.46,C378822611,7592.82,2970.36,C507872758,2112.78,6735.24,0,0
593,DEBIT,56950.41,C236888220,58785.04,1834.63,C764539082,1701.93,58652.34,0,0
594,TRANSFER,6285.54,C393363840,16592.38,10306.84,C339418478,27907.24,34192.78,0,0
594,CASH_OUT,6180.29,C592506784,26195.28,20014.99,C672132274,3433.49,9613.78,0,0
594,CASH_OUT,18234.25,C128963091,46239.85,28005.6,C961619820,51561.55,69795.8,0,0
594,TRANSFER,20153.85,C230343082,24285.48,4131.63,C611842988,650.63,20804.48,0,0
595,PAYMENT,2132.14,C529322069,7425.55,5293.41,M299752556,6405.66,8537.8,0,0
595,CASH_OUT,11621.31,C306483350,29238.03,17616.72,C238566258,19488.03,31109.34,0,0
595,PAYMENT,276.15,C467596299,13131.48,12855.33,M553047846,1725.55,2001.7,0,0
595,PAYMENT,1151.5,C278580261,15965.21,14813.71,M884023050,7929.03,9080.53,0,0
596,PAYMENT,1203.51,C761079259,46846.48,45642.97,M588071081,41508.34,42711.85,0,0
596,CASH_OUT,20152.32,C420569606,40639.06,20486.74,C593158775,15692.49,35844.81,0,0
596,PAYMENT,3729.35,C474962827,12612.06,8882.71,M342513773,60573.43,64302.78,0,0
596,PAYMENT,1238.4,C170984280,37058.12,35819.72,M344303736,9024.87,10263.27,0,0
597,CASH_OUT,40527.21,C976962157,47868.61,7341.4,C856365318,11551.86,52079.07,0,0
597,CASH_OUT,23910.78,C463109915,41247.99,17337.21,C391982833,10601.87,34512.65,0,0
597,DEBIT,9930.86,C125476259,13562.56,3631.7,C429522016,1576.28,11507.14,0,0
597,TRANSFER,2186.4,C549805725,58807.12,56620.72,C590227437,51521.4,53707.8,0,0
598,CASH_IN,8537.68,C589538042,30095.66,38633.34,C689589097,14586.41,23124.09,0,0
598,CASH_OUT,1451.23,C808499672,57888.14,56436.91,C373689686,26157.52,27608.75,0,0
598,CASH_IN,2963.08,C537256582,17862.77,20825.85,C153560760,2947.32,5910.4,0,0
598,CASH_IN,5793.69,C708779188,28310.56,34104.25,C798095339,970.76,6764.45,0,0
599,CASH_OUT,4129.48,C509008605,13169.47,9039.99,C280234310,2594.99,6724.47,0,0
599,PAYMENT,980.14,C272996529,16079.33,15099.19,M295283235,28360.54,29340.68,0,0
599,CASH_OUT,2908.88,C298967803,45110.07,42201.19,C839103899,20431.07,23339.95,0,0
599,CASH_IN,7467.4,C446240528,22300.01,29767.41,C591344292,9609.36,17076.76,0,0
599,TRANSFER,10972.12,C444399517,18539.15,7567.03,C962304797,39184.59,50156.71,0,0
600,TRANSFER,6000.28,C919824070,28694.89,22694.61,C938365438,9755.78,15756.06,0,0
600,CASH_IN,6410.86,C543817003,7233.25,13644.11,C719059589,12997.62,19408.48,0,0
600,TRANSFER,13535.57,C145069853,35845.7,22310.13,C898594404,16409.68,29945.25,0,0
600,DEBIT,45596.69,C494481062,126532.1,80935.41,C194773402,2251.73,47848.42,0,0
601,PAYMENT,2610.31,C915423758,21461.85,18851.54,M536120692,610.14,3220.45,0,0
601,PAYMENT,507.79,C754567082,12806.77,12298.98,M912967046,34871.14,35378.93,0,0
601,CASH_IN,27561.05,C402741881,39198.55,66759.6,C945626974,5560.21,33121.26,0,0
601,PAYMENT,2200.8,C334878997,7123.27,4922.47,M392526039,68480.07,70680.87,0,0
601,TRANSFER,9342.26,C804980534,15026.68,5684.42,C162565460,50302.51,59644.77,0,0
602,CASH_OUT,4236.3,C407552520,4661.2,424.9,C639666038,42815.79,47052.09,0,0
602,DEBIT,23749.3,C200508127,60058.53,36309.23,C243297588,19576.7,43326.0,0,0
602,TRANSFER,15225.64,C801654894,18311.07,3085.43,C153004410,33898.35,49123.99,0,0
602,PAYMENT,2833.98,C734767982,41427.64,38593.66,M680261259,76131.1,78965.08,0,0
602,CASH_IN,5233.41,C724173395,18099.03,23332.44,C933923193,184.03,5417.44,0,0
603,PAYMENT,2659.0,C649899759,7167.97,4508.97,M383546956,7463.65,10122.65,0,0
603,PAYMENT,7586.44,C289261413,42144.01,34557.57,M219448390,58265.3,65851.74,0,0
603,TRANSFER,9500.13,C941688554,27293.82,17793.69,C445278729,15141.16,24641.29,0,0
603,TRANSFER,41952.14,C299648955,44583.58,2631.44,C645222096,18274.43,60226.57,0,0
603,PAYMENT,1430.15,C891623662,27527.11,26096.96,M919163269,1202.8,2632.95,0,0
604,TRANSFER,12636.18,C840408634,12720.1,83.92,C429673361,27749.49,40385.67,0,0
604,CASH_OUT,8434.56,C810572263,29601.61,21167.05,C802994568,21664.85,30099.41,0,0
604,PAYMENT,13506.67,C987857474,82224.15,68717.48,M277932271,19955.15,33461.82,0,0
604,CASH_IN,2328.34,C516464408,3374.74,5703.08,C828014532,24027.57,26355.91,0,0
605,CASH_OUT,12375.59,C840599614,42807.11,30431.52,C452129198,14364.18,26739.77,0,0
605,CASH_OUT,16138.78,C421790950,21645.17,5506.39,C502674834,51847.89,67986.67,0,0
605,DEBIT,4316.75,C661427136,14858.32,10541.57,C741378536,95669.85,99986.6,0,0
605,PAYMENT,4915.71,C359709003,31166.95,26251.24,M461604945,13618.65,18534.36,0,0
606,TRANSFER,11568.54,C600033788,15567.47,3998.93,C391943091,78778.66,90347.2,0,0
606,CASH_IN,16345.15,C854888997,26653.19,42998.34,C308685647,18329.01,34674.16,0,0
606,CASH_IN,2679.16,C181260962,12762.81,15441.97,C853577967,3568.19,6247.35,0,0
606,PAYMENT,9043.9,C890498073,56556.04,47512.14,M656634196,119288.81,128332.71,0,0
606,PAYMENT,1417.56,C962109546,12256.65,10839.09,M826790207,11071.83,12489.39,0,0
607,PAYMENT,938.36,C953899878,17063.41,16125.05,M769599636,21115.94,22054.3,0,0
607,PAYMENT,4167.54,C119501490,12932.43,8764.89,M208229287,37877.37,42044.91,0,0
607,CASH_OUT,5040.16,C389441900,15674.44,10634.28,C937317256,5446.3,10486.46,0,0
607,TRANSFER,2597.63,C672012886,10231.79,7634.16,C918359472,60748.98,63346.61,0,0
607,PAYMENT,3652.68,C264001304,11337.86,7685.18,M884910273,13425.56,17078.24,0,0
608,PAYMENT,4079.65,C395019594,21660.89,17581.24,M202848428,70957.21,75036.86,0,0
608,PAYMENT,2013.99,C232847122,21666.98,19652.99,M492654487,19992.25,22006.24,0,0
608,TRANSFER,11552.63,C710256896,15923.07,4370.44,C729533373,570.57,12123.2,0,0
608,CASH_IN,13409.9,C383801487,31583.56,44993.46,C704123480,41539.49,54949.39,0,0
608,TRANSFER,21286.01,C124669000,38264.4,16978.39,C800257778,4985.22,26271.23,0,0
609,PAYMENT,4791.83,C342302497,16245.68,11453.85,M678672017,22538.1,27329.93,0,0
609,CASH_OUT,1546.31,C450361647,5450.23,3903.92,C450215016,32099.91,33646.22,0,0
609,CASH_OUT,19323.7,C242955451,19618.04,294.34,C439206417,11171.85,30495.55,0,0
609,CASH_OUT,7851.9,C825319176,15238.49,7386.59,C587392423,8687.03,16538.93,0,0
610,TRANSFER,63991.07,C995580406,81003.18,17012.11,C798223876,28229.53,92220.6,1,0
610,CASH_OUT,17547.83,C181369859,133396.28,115848.45,C880569100,31838.2,49386.03,0,0
610,PAYMENT,6454.61,C399544766,11710.0,5255.39,M311402223,56919.45,63374.06,0,0
611,PAYMENT,7106.06,C568631436,11806.73,4700.67,M205733417,13457.61,20563.67,0,0
611,TRANSFER,36909.62,C142973491,51267.22,14357.6,C273039688,28523.34,65432.96,0,0
611,CASH_IN,15028.42,C725358310,16777.19,31805.61,C330876991,12191.55,27219.97,0,0
612,CASH_OUT,22277.45,C752346142,89694.1,67416.65,C923154776,12503.54,34780.99,0,0
612,PAYMENT,3441.56,C422382694,23436.05,19994.49,M865294201,32375.83,35817.39,0,0
612,TRANSFER,2888.93,C723709045,10405.11,7516.18,C987258698,25269.73,28158.66,0,0
612,TRANSFER,602.57,C953116270,51499.12,50896.55,C200533117,41793.16,42395.73,0,0
613,TRANSFER,21371.35,C165256994,58803.54,37432.19,C731339958,5047.19,26418.54,0,0
613,CASH_IN,7590.34,C263080496,8879.65,16469.99,C483285714,16646.75,24237.09,0,0
613,PAYMENT,957.21,C529358671,34048.67,33091.46,M387516379,52083.96,53041.17,0,0
614,CASH_IN,31255.84,C162925345,37651.64,68907.48,C250683145,60708.99,91964.83,0,0
614,PAYMENT,5858.69,C450541720,6964.13,1105.44,M435694973,27667.9,33526.59,0,0
614,PAYMENT,937.44,C366563041,2253.5,1316.06,M340720765,4873.84,5811.28,0,0
614,PAYMENT,1868.58,C438540564,24823.74,22955.16,M461874095,6717.35,8585.93,0,0
614,CASH_IN,31248.43,C370237407,61825.46,93073.89,C269397359,40644.89,71893.32,0,0
615,CASH_OUT,20820.64,C730661109,26636.1,5815.46,C863315511,51597.7,72418.34,0,0
615,PAYMENT,265.38,C525622757,2111.02,1845.64,M999676160,5408.39,5673.77,0,0
615,DEBIT,17435.05,C912589745,27711.42,10276.37,C684318880,21558.56,38993.61,0,0
616,CASH_OUT,9767.77,C441719263,63677.04,53909.27,C438052484,67901.79,77669.56,0,0
616,TRANSFER,9988.96,C946212348,61059.16,51070.2,C983197295,3828.61,13817.57,0,0
616,PAYMENT,549.84,C777651505,7864.18,7314.34,M581072977,9867.13,10416.97,0,0
616,PAYMENT,1391.41,C664255523,6698.68,5307.27,M583168817,29701.46,31092.87,0,0
616,CASH_OUT,30369.77,C209544407,106334.69,75964.92,C668172385,21844.47,52214.24,0,0
617,CASH_IN,4256.13,C611686077,10160.72,14416.85,C341213985,18746.31,23002.44,0,0
617,PAYMENT,649.82,C242884854,14734.82,14085.0,M657979100,17719.61,18369.43,0,0
617,PAYMENT,12278.01,C964433508,34040.14,21762.13,M415096272,22619.33,34897.34,0,0
617,TRANSFER,8727.71,C390440213,13083.68,4355.97,C250598388,42905.17,51632.88,0,0
618,CASH_OUT,2716.4,C128549561,3659.55,943.15,C215405647,66777.56,69493.96,0,0
618,CASH_OUT,21077.76,C510828760,32505.64,11427.88,C364448592,63360.22,84437.98,0,0
618,PAYMENT,268.86,C824540100,39889.93,39621.07,M977213159,2784.61,3053.47,0,0
618,CASH_OUT,11291.73,C410217377,14965.73,3674.0,C234831829,3206.17,14497.9,0,0
619,CASH_IN,19744.41,C982885120,22281.56,42025.97,C875395424,17956.13,37700.54,0,0
619,PAYMENT,1509.17,C575038824,29185.44,27676.27,M621111071,62477.44,63986.61,0,0
619,PAYMENT,894.38,C915508329,7312.45,6418.07,M101120113,24498.34,25392.72,0,0
619,PAYMENT,1905.55,C901071274,24420.29,22514.74,M934011364,17777.39,19682.94,0,0
620,CASH_OUT,17202.28,C220457977,32515.2,15312.92,C236247069,960.67,18162.95,0,0
620,DEBIT,6300.93,C119625255,12855.61,6554.68,C368132102,38138.93,44439.86,0,0
620,CASH_IN,8128.49,C518187626,14342.73,22471.22,C584998001,19124.72,27253.21,0,0
620,CASH_IN,6415.24,C623468471,40585.96,47001.2,C976354857,10286.98,16702.22,0,0
620,DEBIT,508.97,C964992949,6028.39,5519.42,C348331328,6650.21,7159.18,0,0
621,PAYMENT,1776.66,C277644470,6846.77,5070.11,M363818936,11285.35,13062.01,0,0
621,TRANSFER,57411.11,C444267176,72813.46,15402.35,C348531069,45814.19,103225.3,0,0
621,PAYMENT,3802.26,C377579045,11527.32,7725.06,M306442768,4486.75,8289.01,0,0
621,CASH_OUT,2460.14,C244344950,5104.41,2644.27,C679419703,1828.67,4288.81,0,0
621,CASH_IN,3663.2,C592428116,19396.14,23059.34,C406017075,2026.36,5689.56,0,0
622,TRANSFER,20584.32,C825033451,32183.23,11598.91,C697009935,16485.62,37069.94,0,0
622,PAYMENT,468.4,C893690697,14430.21,13961.81,M471175011,362.14,830.54,0,0
622,DEBIT,59787.84,C246820422,73799.67,14011.83,C554949556,52678.72,112466.56,0,0
622,CASH_IN,21569.13,C786678342,39509.75,61078.88,C939463951,30177.39,51746.52,0,0
622,PAYMENT,1878.28,C299460677,23146.58,21268.3,M442829707,13241.89,15120.17,0,0
623,PAYMENT,2475.89,C285235666,11951.73,9475.84,M475579845,13340.27,15816.16,0,0
623,PAYMENT,1060.57,C146894926,62483.75,61423.18,M983257734,10859.24,11919.81,0,0
623,PAYMENT,692.04,C597456346,59737.72,59045.68,M710820799,3805.45,4497.49,0,0
624,DEBIT,11143.47,C665288566,24135.35,12991.88,C616432677,16259.8,27403.27,0,0
624,CASH_OUT,15355.78,C727155489,27322.79,11967.01,C672361116,18934.65,34290.43,0,0
624,CASH_OUT,26725.41,C350260049,78285.07,51559.66,C944224798,42915.01,69640.42,0,0
624,CASH_OUT,17193.99,C555085158,36501.93,19307.94,C857238277,43546.67,60740.66,0,0
624,CASH_OUT,12542.3,C855903584,16922.55,4380.25,C668089808,6778.27,19320.57,0,0
625,CASH_OUT,41036.23,C942156584,55970.67,14934.44,C471565263,35606.23,76642.46,0,0
625,CASH_OUT,3719.45,C873775489,13222.97,9503.52,C318780145,18208.66,21928.11,0,0
625,TRANSFER,3834.89,C208871445,5335.33,1500.44,C797358779,21437.92,25272.81,0,0
625,CASH_IN,19880.43,C473967988,29661.95,49542.38,C574138799,2100.33,21980.76,0,0
626,PAYMENT,382.14,C524874808,503.45,121.31,M790743524,16534.44,16916.58,0,0
626,PAYMENT,1203.12,C578835984,4730.58,3527.46,M856170064,84411.88,85615.0,0,0
626,PAYMENT,4159.35,C932241553,47325.36,43166.01,M300477332,20185.53,24344.88,0,0
626,TRANSFER,3762.23,C321032147,53417.8,49655.57,C813949679,9931.4,13693.63,0,0
627,CASH_IN,2330.93,C967851601,16274.36,18605.29,C116480387,21874.39,24205.32,0,0
627,CASH_OUT,1340.81,C130334030,15171.74,13830.93,C375066060,6102.13,7442.94,0,0
627,CASH_IN,1867.09,C922125721,10242.13,12109.22,C846336984,81460.39,83327.48,0,0
628,DEBIT,3667.06,C785255465,19796.0,16128.94,C818206944,8889.46,12556.52,0,0
628,TRANSFER,6113.68,C298859824,43853.35,37739.67,C888961130,11284.66,17398.34,0,0
628,CASH_OUT,42951.32,C483198253,70018.36,27067.04,C629184518,40881.37,83832.69,0,0
628,DEBIT,8039.22,C185999128,18318.37,10279.15,C320174896,28002.76,36041.98,0,0
629,CASH_OUT,9860.03,C678721679,22949.88,13089.85,C611978629,27095.84,36955.87,0,0
629,PAYMENT,459.2,C280007110,13718.91,13259.71,M514180685,680.88,1140.08,0,0
629,TRANSFER,2182.85,C726110361,65176.76,62993.91,C234676547,13926.32,16109.17,0,0
629,TRANSFER,34735.15,C253048992,59305.85,24570.7,C207586091,7264.59,41999.74,0,0
630,CASH_OUT,11229.99,C104051939,12335.64,1105.65,C867786799,558.33,11788.32,0,0
630,TRANSFER,6589.35,C482680317,9567.89,2978.54,C691396176,33501.33,40090.68,0,0
630,CASH_IN,42383.21,C184811073,81079.8,123463.01,C962711591,13544.63,55927.84,0,0
630,PAYMENT,8380.77,C393950597,22134.17,13753.4,M167330285,4913.03,13293.8,0,0
631,PAYMENT,5174.31,C425664116,15179.79,10005.48,M517953501,16034.54,21208.85,0,0
631,CASH_IN,6732.83,C535534388,8578.08,15310.91,C613891482,37492.0,44224.83,0,0
631,DEBIT,3510.05,C433612418,7128.5,3618.45,C874582463,30655.81,34165.86,0,0
631,TRANSFER,15631.16,C256653509,20389.85,4758.69,C943905116,1059.57,16690.73,0,0
632,DEBIT,18777.94,C816947927,45622.99,26845.05,C867067753,9141.73,27919.67,0,0
632,PAYMENT,3674.08,C218489451,5620.05,1945.97,M928372773,18994.08,22668.16,0,0
632,DEBIT,2103.42,C326667453,35484.21,33380.79,C279921858,16457.73,18561.15,0,0
633,CASH_OUT,3227.42,C603345365,48952.85,45725.43,C657217897,21847.92,25075.34,0,0
633,PAYMENT,488.33,C889349125,4752.77,4264.44,M493921377,27466.73,27955.06,0,0
633,CASH_OUT,14337.24,C223079175,20897.22,6559.98,C778130689,3665.28,18002.52,0,0
633,CASH_OUT,25661.55,C897905927,55443.11,29781.56,C132121967,12175.84,37837.39,0,0
633,TRANSFER,29569.24,C336725077,45905.9,16336.66,C214908116,10654.54,40223.78,0,0
634,CASH_IN,7861.28,C434509184,33658.89,41520.17,C262691976,45260.65,53121.93,0,0
634,CASH_IN,6196.9,C832446070,7032.81,13229.71,C538998857,1273.43,7470.33,0,0
634,CASH_OUT,1477.78,C466803209,23818.76,22340.98,C420443954,10284.57,11762.35,0,0
634,PAYMENT,1091.15,C869441210,31648.33,30557.18,M991529254,34672.69,35763.84,0,0
634,TRANSFER,28529.67,C937339418,34426.58,5896.91,C590644777,44003.1,72532.77,0,0
635,TRANSFER,124483.53,C256599009,128935.45,4451.92,C754153784,2637.2,127120.73,1,0
635,DEBIT,2382.98,C304087750,13904.49,11521.51,C293923647,46446.44,48829.42,0,0
635,PAYMENT,1743.05,C601277267,13666.31,11923.26,M271465953,21545.84,23288.89,0,0
635,CASH_OUT,6561.59,C603454279,8816.54,2254.95,C381462871,11424.16,17985.75,0,0
636,TRANSFER,75507.0,C377626073,115567.15,40060.15,C609198529,22956.83,98463.83,0,0
636,CASH_OUT,5536.41,C895318481,17699.65,12163.24,C661654674,16445.34,21981.75,0,0
636,CASH_OUT,5467.58,C510773643,57177.63,51710.05,C392227904,1446.67,6914.25,0,0
636,TRANSFER,37093.4,C806948505,52904.5,15811.1,C574005508,7183.53,44276.93,0,0
637,PAYMENT,2272.71,C163317241,30140.76,27868.05,M539663289,59173.7,61446.41,0,0
637,CASH_OUT,11915.84,C543296725,35659.36,23743.52,C575314660,265.18,12181.02,0,0
637,TRANSFER,29052.29,C641661199,29769.29,717.0,C511710667,34278.21,63330.5,0,0
638,TRANSFER,32283.69,C924442314,78185.74,45902.05,C738588420,24421.28,56704.97,0,0
638,PAYMENT,1211.85,C782154622,23370.23,22158.38,M966702697,12869.71,14081.56,0,0
638,PAYMENT,3046.31,C127707220,12382.48,9336.17,M765108195,5862.6,8908.91,0,0
639,CASH_IN,81591.77,C110867948,84794.17,166385.94,C960182356,104423.29,186015.06,0,0
639,PAYMENT,519.0,C494560477,29831.04,29312.04,M974175631,13856.63,14375.63,0,0
639,CASH_OUT,818.49,C137697835,12624.0,11805.51,C247881368,42409.67,43228.16,0,0
639,CASH_IN,1860.47,C757264452,50750.28,52610.75,C264768267,12274.46,14134.93,0,0
640,PAYMENT,8318.37,C938695526,65036.4,56718.03,M106113100,28222.97,36541.34,0,0
640,TRANSFER,42253.21,C651912628,50327.72,8074.51,C209808451,30166.78,72419.99,0,0
640,CASH_OUT,40261.62,C239376298,72251.18,31989.56,C979619657,33537.43,73799.05,0,0
640,PAYMENT,1569.26,C973974281,8831.47,7262.21,M240726578,101785.55,103354.81,0,0
640,CASH_OUT,19470.51,C646327499,24933.33,5462.82,C766357974,24780.27,44250.78,0,0
641,CASH_IN,3488.8,C282851069,8426.56,11915.36,C949055650,9871.31,13360.11,0,0
641,CASH_OUT,8007.07,C672710142,19767.45,11760.38,C564764328,33905.76,41912.83,0,0
641,PAYMENT,280.71,C268551265,13141.53,12860.82,M314445124,4598.67,4879.38,0,0
642,PAYMENT,9333.77,C457801890,26551.65,17217.88,M596374615,28024.35,37358.12,0,0
642,PAYMENT,1341.75,C827286933,2954.74,1612.99,M296109206,8293.07,9634.82,0,0
642,CASH_OUT,4944.04,C923431639,7753.63,2809.59,C890179376,39912.35,44856.39,0,0
642,TRANSFER,21314.28,C833307954,35765.37,14451.09,C360770351,48594.0,69908.28,0,0
643,CASH_OUT,13586.62,C591199374,25310.66,11724.04,C305319534,69871.67,83458.29,0,0
643,PAYMENT,2035.72,C946822613,25402.76,23367.04,M129754050,49811.61,51847.33,0,0
643,CASH_IN,8849.34,C313534006,9467.1,18316.44,C577389387,32445.82,41295.16,0,0
644,PAYMENT,617.52,C334549454,35216.09,34598.57,M367168851,9326.71,9944.23,0,0
644,TRANSFER,10979.94,C563245644,32024.05,21044.11,C484198692,23867.0,34846.94,0,0
644,PAYMENT,2259.64,C965033515,7421.63,5161.99,M229055539,4543.59,6803.23,0,0
644,PAYMENT,8536.45,C130674998,97201.29,88664.84,M499546692,16600.9,25137.35,0,0
644,PAYMENT,6753.08,C537592026,89099.1,82346.02,M120395529,1286.95,8040.03,0,0
645,CASH_OUT,5465.63,C168154397,6268.78,803.15,C891568468,552.22,6017.85,0,0
645,CASH_OUT,2665.56,C554823356,57588.74,54923.18,C806128691,15268.9,17934.46,0,0
645,PAYMENT,2576.17,C151066701,21383.02,18806.85,M580755340,21008.25,23584.42,0,0
646,TRANSFER,10222.13,C141474142,53904.76,43682.63,C697896457,56092.23,66314.36,0,0
646,PAYMENT,2964.08,C345829711,68398.28,65434.2,M859812222,17780.69,20744.77,0,0
646,TRANSFER,5400.38,C154636036,8482.39,3082.01,C997097883,21677.37,27077.75,0,0
646,PAYMENT,1081.38,C997654624,135472.66,134391.28,M765585023,1413.37,2494.75,0,0
646,CASH_OUT,1792.72,C914166654,10648.42,8855.7,C763661890,1650.85,3443.57,0,0
647,CASH_IN,10086.32,C713790917,18242.02,28328.34,C936261846,21148.95,31235.27,0,0
647,CASH_IN,593.05,C905906706,59865.92,60458.97,C360633921,2394.21,2987.26,0,0
647,PAYMENT,9813.13,C264071752,10099.1,285.97,M261233683,7447.76,17260.89,0,0
648,CASH_OUT,21216.53,C261109364,83616.67,62400.14,C603272913,6753.1,27969.63,0,0
648,CASH_IN,2030.14,C655011992,40419.8,42449.94,C339259011,17245.47,19275.61,0,0
648,CASH_OUT,4367.21,C545630103,28114.12,23746.91,C288064050,18098.77,22465.98,0,0
648,CASH_IN,14675.82,C537424925,44257.35,58933.17,C619578128,4672.17,19347.99,0,0
648,TRANSFER,6891.73,C236493326,7550.24,658.51,C880855547,10230.94,17122.67,0,0
649,CASH_OUT,6779.84,C982572947,12223.62,5443.78,C357606731,6352.41,13132.25,0,0
649,TRANSFER,5033.8,C896324959,25933.19,20899.39,C139028538,17889.62,22923.42,0,0
649,TRANSFER,51654.41,C988870619,91473.0,39818.59,C405798170,3754.6,55409.01,0,0
649,CASH_OUT,30871.99,C855172830,56189.96,25317.97,C456936501,11632.11,42504.1,0,0
649,PAYMENT,1936.92,C448817800,42294.1,40357.18,M720534270,6992.69,8929.61,0,0
650,CASH_OUT,12489.33,C521129947,35920.93,23431.6,C159938189,45419.18,57908.51,0,0
650,PAYMENT,6695.0,C212072938,10494.59,3799.59,M789916097,7757.47,14452.47,0,0
650,PAYMENT,885.34,C311718211,35376.98,34491.64,M557035062,3740.62,4625.96,0,0
650,CASH_OUT,1236.5,C403798404,26074.15,24837.65,C952638313,170.49,1406.99,0,0
650,CASH_OUT,11325.73,C936285001,26109.42,14783.69,C226122433,25612.55,36938.28,0,0
651,PAYMENT,3530.35,C560954875,13119.81,9589.46,M529266930,17131.59,20661.94,0,0
651,PAYMENT,2132.36,C724566689,38987.77,36855.41,M221408690,770.6,2902.96,0,0
651,DEBIT,9751.94,C674572757,32362.98,22611.04,C906705666,3168.05,12919.99,0,0
652,PAYMENT,1382.31,C117114380,17122.73,15740.42,M616404742,3356.68,4738.99,0,0
652,PAYMENT,918.39,C792109636,26550.69,25632.3,M144359378,185.48,1103.87,0,0
652,TRANSFER,2750.48,C622207383,64624.6,61874.12,C599191269,40253.15,43003.63,0,0
653,PAYMENT,3882.75,C172132062,10116.58,6233.83,M566696994,14151.02,18033.77,0,0
653,PAYMENT,4218.4,C571052954,24902.16,20683.76,M154101132,5048.76,9267.16,0,0
653,PAYMENT,3128.77,C219045708,13653.74,10524.97,M142209016,9988.79,13117.56,0,0
654,CASH_IN,9309.77,C364686006,48950.47,58260.24,C688637290,42333.04,51642.81,0,0
654,CASH_IN,36576.53,C325805324,41678.53,78255.06,C537186150,27141.26,63717.79,0,0
654,CASH_OUT,37493.94,C730455352,65364.2,27870.26,C771570272,20998.79,58492.73,0,0
654,PAYMENT,2029.84,C178510809,19347.18,17317.34,M459817732,54955.76,56985.6,0,0
654,CASH_OUT,15483.77,C935919426,16534.19,1050.42,C180521377,6627.1,22110.87,0,0
655,PAYMENT,8062.8,C117750431,29201.23,21138.43,M635210430,1354.01,9416.81,0,0
655,TRANSFER,12610.86,C863412112,24753.03,12142.17,C305964838,4464.83,17075.69,0,0
655,PAYMENT,3011.5,C348924801,49011.88,46000.38,M322479525,24748.9,27760.4,0,0
655,TRANSFER,1092.92,C163463472,21885.12,20792.2,C432230308,15329.0,16421.92,0,0
655,TRANSFER,1024.72,C466224757,2723.84,1699.12,C696841637,14273.88,15298.6,0,0
656,PAYMENT,1024.12,C923102127,140194.53,139170.41,M881729402,6222.03,7246.15,0,0
656,PAYMENT,2738.68,C203922177,17762.23,15023.55,M646008731,15743.09,18481.77,0,0
656,PAYMENT,3245.66,C654420966,38472.5,35226.84,M606804404,24591.14,27836.8,0,0
656,PAYMENT,457.69,C132123007,12227.65,11769.96,M311780506,57418.19,57875.88,0,0
656,PAYMENT,1566.69,C574061537,71361.3,69794.61,M405554395,15125.03,16691.72,0,0
657,CASH_OUT,40900.71,C697463676,44641.79,3741.08,C564744629,14351.14,55251.85,0,0
657,TRANSFER,23845.29,C875981427,45084.37,21239.08,C541921564,157997.93,181843.22,0,0
657,PAYMENT,856.98,C519972197,75122.0,74265.02,M778157862,1687.62,2544.6,0,0
657,DEBIT,16090.01,C161104574,18837.35,2747.34,C732829632,26258.93,42348.94,0,0
657,CASH_IN,36925.38,C479527763,37740.74,74666.12,C912309989,11246.93,48172.31,0,0
658,PAYMENT,2794.59,C336659268,41879.75,39085.16,M422274249,15572.91,18367.5,0,0
658,CASH_OUT,44528.08,C364797259,54676.72,10148.64,C208104817,67015.37,111543.45,0,0
658,PAYMENT,7455.91,C552191213,41409.31,33953.4,M794971780,34611.96,42067.87,0,0
658,CASH_OUT,5999.39,C382043975,14402.39,8403.0,C345218329,27485.51,33484.9,0,0
659,PAYMENT,551.4,C954860663,82118.5,81567.1,M704869470,17029.44,17580.84,0,0
659,CASH_IN,20524.12,C412504125,31463.57,51987.69,C104467801,45633.84,66157.96,0,0
659,CASH_IN,4679.45,C837275078,8955.52,13634.97,C317199220,2686.26,7365.71,0,0
660,TRANSFER,45572.72,C160229895,55426.34,9853.62,C502562105,30287.69,75860.41,1,0
660,CASH_OUT,11731.49,C492359182,34758.35,23026.86,C454479880,34971.21,46702.7,0,0
660,CASH_OUT,31059.12,C891341941,41313.93,10254.81,C913653356,73814.94,104874.06,0,0
660,TRANSFER,2500.74,C310473371,4819.98,2319.24,C209285989,5667.91,8168.65,0,0
660,CASH_IN,12192.43,C513805054,117278.27,129470.7,C246279672,84949.25,97141.68,0,0
661,CASH_OUT,15238.46,C902907356,37731.27,22492.81,C446844379,5763.08,21001.54,0,0
661,TRANSFER,2522.01,C339717185,25074.33,22552.32,C657731629,48904.08,51426.09,0,0
661,CASH_IN,15346.92,C500724632,17580.09,32927.01,C890709171,41896.25,57243.17,0,0
662,PAYMENT,4600.32,C973069049,26199.36,21599.04,M404046905,41412.56,46012.88,0,0
662,CASH_OUT,10814.31,C255198831,17946.05,7131.74,C960312087,483.85,11298.16,0,0
662,TRANSFER,1003.54,C442707677,5715.91,4712.37,C975901676,38888.78,39892.32,0,0
663,PAYMENT,905.14,C807960729,14121.63,13216.49,M306497580,368.89,1274.03,0,0
663,CASH_IN,56499.38,C993808615,59670.26,116169.64,C794861775,25956.37,82455.75,0,0
663,PAYMENT,611.51,C532836577,18624.02,18012.51,M887823352,35144.83,35756.34,0,0
663,PAYMENT,1882.47,C810474124,84697.94,82815.47,M767745762,8641.57,10524.04,0,0
663,PAYMENT,1413.41,C456629446,7229.09,5815.68,M377429462,61713.02,63126.43,0,0
664,CASH_IN,3784.79,C772431694,8388.69,12173.48,C947397039,23777.44,27562.23,0,0
664,PAYMENT,2466.79,C940589987,6686.84,4220.05,M890167156,18395.41,20862.2,0,0
664,TRANSFER,1605.3,C499506741,9785.2,8179.9,C393379869,21367.09,22972.39,0,0
664,TRANSFER,11300.39,C707237759,22315.36,11014.97,C560516676,15053.74,26354.13,0,0
664,CASH_OUT,27990.49,C816609187,29806.12,1815.63,C293197411,6757.5,34747.99,0,0
665,TRANSFER,16498.89,C860742932,21424.65,4925.76,C260097813,1406.14,17905.03,0,0
665,PAYMENT,425.32,C982902612,11702.24,11276.92,M839582553,17860.31,18285.63,0,0
665,PAYMENT,1759.03,C802726244,5811.73,4052.7,M494058288,171.61,1930.64,0,0
665,TRANSFER,17858.81,C666106041,23442.9,5584.09,C901778534,40056.08,57914.89,0,0
666,PAYMENT,5936.77,C670515087,17833.47,11896.7,M388222801,16796.33,22733.1,0,0
666,PAYMENT,344.61,C152096336,2415.07,2070.46,M415387268,14912.97,15257.58,0,0
666,CASH_IN,46311.35,C112186528,59163.33,105474.68,C633063088,52123.44,98434.79,0,0
666,PAYMENT,111.13,C527447192,6056.42,5945.29,M798195057,31769.57,31880.7,0,0
666,PAYMENT,1511.55,C992252913,4670.29,3158.74,M644401489,43290.64,44802.19,0,0
667,CASH_OUT,8292.88,C847156329,10566.35,2273.47,C512504125,426.44,8719.32,0,0
667,CASH_IN,5213.06,C130249071,151993.07,157206.13,C399260473,5938.39,11151.45,0,0
667,PAYMENT,3361.77,C460616455,17340.07,13978.3,M812167204,39632.09,42993.86,0,0
667,PAYMENT,11474.49,C803210527,37986.01,26511.52,M365267433,18439.68,29914.17,0,0
667,PAYMENT,4666.05,C651111352,10706.04,6039.99,M975123161,2427.33,7093.38,0,0
668,CASH_IN,15400.96,C997494706,19044.32,34445.28,C813655832,107035.17,122436.13,0,0
668,DEBIT,5458.37,C716849141,6624.21,1165.84,C400942780,3206.58,8664.95,0,0
668,CASH_OUT,40126.23,C499197805,53325.69,13199.46,C340066380,1631.69,41757.92,0,0
668,CASH_OUT,62281.13,C577669336,90236.12,27954.99,C575909502,17330.38,79611.51,0,0
669,TRANSFER,11979.3,C679518776,45841.86,33862.56,C247760642,14143.81,26123.11,0,0
669,CASH_OUT,14073.39,C373197771,24658.02,10584.63,C686672937,23177.75,37251.14,0,0
669,CASH_OUT,8603.38,C644475235,10567.98,1964.6,C719815508,420.3,9023.68,0,0
669,CASH_IN,4547.14,C841984636,12260.86,16808.0,C509158122,17632.76,22179.9,0,0
669,PAYMENT,9737.62,C588722712,31570.71,21833.09,M536288787,10516.16,20253.78,0,0
670,PAYMENT,160.53,C895826202,12314.42,12153.89,M471951641,18246.08,18406.61,0,0
670,PAYMENT,1748.11,C927613138,43819.25,42071.14,M724992032,7840.04,9588.15,0,0
670,CASH_IN,7740.94,C536884551,13143.56,20884.5,C864006239,24723.58,32464.52,0,0
670,DEBIT,8558.26,C602561036,9150.34,592.08,C135650069,19480.6,28038.86,0,0
670,PAYMENT,3723.38,C644613149,52269.99,48546.61,M339349876,30273.47,33996.85,0,0
671,TRANSFER,10479.64,C276091009,60199.23,49719.59,C382831269,40338.42,50818.06,0,0
671,TRANSFER,19524.96,C610014427,23796.64,4271.68,C470378650,15587.56,35112.52,0,0
671,PAYMENT,7489.75,C968717317,20832.64,13342.89,M466819477,68293.1,75782.85,0,0
672,TRANSFER,2578.26,C741823847,4666.5,2088.24,C640398022,24384.71,26962.97,0,0
672,TRANSFER,23075.15,C806805838,35708.69,12633.54,C318195464,47954.87,71030.02,0,0
672,CASH_IN,40957.15,C174183397,50584.23,91541.38,C637858850,715.87,41673.02,0,0
672,CASH_IN,7165.17,C468544240,32263.37,39428.54,C663143359,14046.16,21211.33,0,0
673,PAYMENT,3232.63,C215196868,75355.89,72123.26,M269377912,122.01,3354.64,0,0
673,TRANSFER,2088.04,C447526273,2587.63,499.59,C139333160,13059.74,15147.78,0,0
673,PAYMENT,2386.26,C317050937,7153.47,4767.21,M893388534,6827.97,9214.23,0,0
674,PAYMENT,795.03,C184402474,9912.73,9117.7,M851896552,2735.24,3530.27,0,0
674,CASH_OUT,5838.51,C130459094,129906.49,124067.98,C180989847,48822.68,54661.19,0,0
674,TRANSFER,59377.54,C272156237,86475.19,27097.65,C744731385,800.51,60178.05,0,0
674,PAYMENT,3107.88,C609920648,22657.58,19549.7,M740053137,3597.48,6705.36,0,0
675,TRANSFER,44605.3,C186895606,74159.12,29553.82,C772002245,16535.27,61140.57,0,0
675,CASH_IN,36250.62,C492858105,91382.83,127633.45,C475452327,43650.76,79901.38,0,0
675,CASH_OUT,3864.25,C530066845,7064.16,3199.91,C336735189,70703.07,74567.32,0,0
676,PAYMENT,587.24,C425526176,6978.73,6391.49,M261409751,12756.39,13343.63,0,0
676,CASH_IN,12033.28,C714446422,17995.43,30028.71,C111296266,30213.21,42246.49,0,0
676,PAYMENT,252.34,C412061460,8613.46,8361.12,M526741860,76609.04,76861.38,0,0
677,TRANSFER,10866.28,C818684819,33934.11,23067.83,C410153253,17490.22,28356.5,0,0
677,CASH_OUT,10462.29,C397358658,31359.38,20897.09,C741589240,4730.22,15192.51,0,0
677,CASH_IN,14744.46,C459879480,80326.56,95071.02,C775185560,18264.24,33008.7,0,0
678,CASH_OUT,5143.43,C330611630,7687.58,2544.15,C234615736,24341.57,29485.0,0,0
678,CASH_IN,3970.18,C600153504,6812.3,10782.48,C114927605,19791.92,23762.1,0,0
678,TRANSFER,1905.98,C301415372,40291.22,38385.24,C821486155,48475.23,50381.21,0,0
679,CASH_IN,22195.01,C635866158,34061.15,56256.16,C439628911,2686.62,24881.63,0,0
679,PAYMENT,2972.77,C756563167,34082.56,31109.79,M555555578,6654.23,9627.0,0,0
679,CASH_OUT,4531.58,C631193111,36946.53,32414.95,C156479049,12157.64,16689.22,0,0
679,TRANSFER,1182.95,C862536463,13186.48,12003.53,C268090934,3110.27,4293.22,0,0
680,CASH_OUT,2177.33,C439001120,35884.83,33707.5,C126370480,68785.57,70962.9,0,0
680,TRANSFER,45519.99,C225702748,55543.78,10023.79,C253282957,47130.3,92650.29,0,0
680,TRANSFER,10077.12,C515688429,11217.69,1140.57,C480582333,20196.43,30273.55,0,0
681,PAYMENT,2131.4,C820578066,7576.43,5445.03,M412555536,39491.53,41622.93,0,0
681,TRANSFER,6598.01,C199504471,66227.17,59629.16,C558792643,9099.67,15697.68,0,0
681,PAYMENT,1952.3,C251007823,25349.08,23396.78,M345190014,52452.31,54404.61,0,0
682,TRANSFER,9394.17,C646957539,15911.88,6517.71,C438272170,5096.86,14491.03,0,0
682,TRANSFER,5343.4,C429090696,30052.4,24709.0,C984712513,534.42,5877.82,0,0
682,TRANSFER,22932.61,C373748736,81053.02,58120.41,C481105120,62246.0,85178.61,0,0
682,CASH_OUT,9815.48,C951246989,32813.15,22997.67,C393348472,5070.17,14885.65,0,0
683,CASH_OUT,6267.86,C236568604,8975.94,2708.08,C769635550,4916.19,11184.05,0,0
683,TRANSFER,1782.36,C631248151,59347.17,57564.81,C941728495,93757.88,95540.24,0,0
683,TRANSFER,39015.07,C646426733,45302.23,6287.16,C292520529,30300.02,69315.09,0,0
683,CASH_OUT,68319.77,C838989929,83338.18,15018.41,C164627603,5643.7,73963.47,0,0
683,PAYMENT,1550.55,C324513822,41643.85,40093.3,M474357770,23085.8,24636.35,0,0
684,PAYMENT,592.02,C817112234,10023.2,9431.18,M248926878,35296.47,35888.49,0,0
684,TRANSFER,1709.75,C617787731,3868.85,2159.1,C177433985,13211.96,14921.71,0,0
684,CASH_IN,15716.93,C241077362,28278.15,43995.08,C322590553,11222.34,26939.27,0,0
684,PAYMENT,6360.8,C128085521,10042.1,3681.3,M242421220,17949.35,24310.15,0,0
685,TRANSFER,184081.68,C841501803,193739.56,9657.88,C272731851,8669.8,192751.48,1,0
685,CASH_OUT,11058.68,C239460902,15593.51,4534.83,C872972618,34223.97,45282.65,0,0
685,CASH_IN,16933.53,C843776627,24100.65,41034.18,C764800955,7157.97,24091.5,0,0
685,TRANSFER,4908.8,C776061704,9490.01,4581.21,C959269063,20897.63,25806.43,0,0
686,PAYMENT,262.82,C226012144,1383.84,1121.02,M640483826,45264.34,45527.16,0,0
686,TRANSFER,11730.14,C668693131,15476.35,3746.21,C364546370,5506.51,17236.65,0,0
686,PAYMENT,2800.49,C573057501,73009.72,70209.23,M599640966,555.68,3356.17,0,0
687,PAYMENT,1439.33,C682511877,7375.94,5936.61,M485783127,2427.0,3866.33,0,0
687,PAYMENT,765.73,C109380814,24314.12,23548.39,M905225518,4235.67,5001.4,0,0
687,PAYMENT,5639.16,C980739690,7144.89,1505.73,M998962744,30374.16,36013.32,0,0
688,CASH_IN,11563.13,C488346530,40721.44,52284.57,C154416105,65318.12,76881.25,0,0
688,TRANSFER,6187.17,C320006679,29087.76,22900.59,C267268059,54899.94,61087.11,0,0
688,CASH_OUT,4686.35,C198097412,6901.31,2214.96,C880220515,7797.41,12483.76,0,0
688,TRANSFER,13011.75,C750302904,43346.44,30334.69,C165758489,11220.04,24231.79,0,0
688,TRANSFER,25361.28,C554429147,26328.81,967.53,C655267942,4852.96,30214.24,0,0
689,CASH_IN,23258.49,C113654424,40540.23,63798.72,C702319983,60574.17,83832.66,0,0
689,CASH_OUT,3376.46,C500054163,6843.52,3467.06,C652776681,10929.86,14306.32,0,0
689,TRANSFER,7931.51,C829253564,12786.01,4854.5,C812237974,6245.9,14177.41,0,0
689,CASH_OUT,10905.93,C558342609,14613.33,3707.4,C809338226,5191.82,16097.75,0,0
690,CASH_OUT,1851.1,C847227254,8621.2,6770.1,C709340454,9928.02,11779.12,0,0
690,PAYMENT,1576.16,C613603326,51499.73,49923.57,M259866002,27953.39,29529.55,0,0
690,CASH_IN,32661.07,C184546581,36067.65,68728.72,C536098845,91983.21,124644.28,0,0
691,CASH_IN,1282.88,C518229866,9621.93,10904.81,C587722757,57443.11,58725.99,0,0
691,CASH_IN,17169.3,C381861889,29226.45,46395.75,C806194798,45127.23,62296.53,0,0
691,CASH_IN,22880.28,C592059067,41548.66,64428.94,C623714293,47339.81,70220.09,0,0
691,TRANSFER,24933.89,C152344986,26223.47,1289.58,C138161887,12110.56,37044.45,0,0
691,TRANSFER,2790.58,C882183293,18124.95,15334.37,C540218384,2224.71,5015.29,0,0
692,PAYMENT,1580.11,C399448756,99774.78,98194.67,M966305222,29961.2,31541.31,0,0
692,PAYMENT,3444.71,C622813409,10909.87,7465.16,M968256685,38187.65,41632.36,0,0
692,TRANSFER,10461.6,C802727469,20098.7,9637.1,C219870000,14635.47,25097.07,0,0
693,PAYMENT,1452.32,C352541675,39209.78,37757.46,M534183246,54875.15,56327.47,0,0
693,TRANSFER,20052.62,C218209544,28429.29,8376.67,C385420252,5406.17,25458.79,0,0
693,CASH_OUT,6165.51,C225840137,29269.55,23104.04,C462370244,30753.92,36919.43,0,0
693,TRANSFER,1697.4,C449927725,13377.35,11679.95,C857192942,27616.08,29313.48,0,0
693,PAYMENT,3542.77,C326386840,8965.46,5422.69,M621789321,96485.24,100028.01,0,0
694,TRANSFER,11160.69,C639902775,14844.83,3684.14,C505434061,5266.01,16426.7,0,0
694,TRANSFER,5558.97,C723790924,27855.01,22296.04,C551914530,25225.77,30784.74,0,0
694,DEBIT,26665.87,C201646357,37359.07,10693.2,C607678342,29921.98,56587.85,0,0
694,PAYMENT,22052.95,C178193035,22256.27,203.32,M853054822,4027.96,26080.91,0,0
695,CASH_IN,52328.06,C980566728,64585.4,116913.46,C274172391,72518.32,124846.38,0,0
695,CASH_OUT,1506.52,C278657409,14196.7,12690.18,C770096811,15195.6,16702.12,0,0
695,CASH_OUT,7118.81,C115090407,21131.09,14012.28,C805536222,44328.77,51447.58,0,0
695,CASH_OUT,6695.68,C556924895,55351.28,48655.6,C896815303,5872.45,12568.13,0,0
695,PAYMENT,4156.36,C949413860,72912.28,68755.92,M433333534,55144.72,59301.08,0,0
696,PAYMENT,3615.2,C710138158,15924.66,12309.46,M725329522,24755.42,28370.62,0,0
696,CASH_OUT,20858.96,C457305462,37504.97,16646.01,C227847972,2306.78,23165.74,0,0
696,TRANSFER,21304.07,C703474256,114736.12,93432.05,C930650349,8139.48,29443.55,0,0
697,DEBIT,9295.25,C559347305,20904.99,11609.74,C824764155,19895.0,29190.25,0,0
697,CASH_OUT,13622.47,C788637135,57514.9,43892.43,C356677008,9977.4,23599.87,0,0
697,PAYMENT,2252.86,C305219417,6923.75,4670.89,M919008104,5742.25,7995.11,0,0
697,PAYMENT,502.71,C850735273,43920.19,43417.48,M362023078,37283.43,37786.14,0,0
698,CASH_OUT,11051.46,C689713523,12251.51,1200.05,C690307563,7604.58,18656.04,0,0
698,TRANSFER,3060.09,C689467279,32181.46,29121.37,C948535761,7809.18,10869.27,0,0
698,CASH_OUT,19672.32,C109208201,62352.02,42679.7,C921536746,18100.07,37772.39,0,0
698,CASH_OUT,12888.0,C652651542,15325.52,2437.52,C326361476,3370.81,16258.81,0,0
698,TRANSFER,5197.29,C110315271,30860.44,25663.15,C190352831,825.65,6022.94,0,0
699,PAYMENT,22716.0,C877336992,24030.28,1314.28,M625600629,20056.64,42772.64,0,0
699,DEBIT,86901.88,C241118453,94623.92,7722.04,C874568048,59285.87,146187.75,0,0
699,PAYMENT,2966.88,C276447397,26083.33,23116.45,M768788354,100292.13,103259.01,0,0
699,CASH_OUT,32708.49,C177512073,46048.38,13339.89,C951256122,30293.82,63002.31,0,0
699,CASH_IN,7115.04,C890415674,65713.4,72828.44,C148951101,32393.39,39508.43,0,0
700,TRANSFER,24377.78,C744039342,76092.29,51714.51,C302133992,18200.29,42578.07,0,0
700,PAYMENT,2353.46,C497256466,22231.61,19878.15,M644914644,11148.95,13502.41,0,0
700,TRANSFER,53319.26,C179477999,113436.35,60117.09,C582693903,12096.85,65416.11,0,0
700,TRANSFER,19313.0,C382601196,26415.84,7102.84,C545786507,13225.44,32538.44,0,0
701,TRANSFER,9296.75,C623285015,19894.55,10597.8,C706938739,3922.93,13219.68,0,0
701,TRANSFER,49935.54,C443869664,131887.2,81951.66,C562506310,45988.16,95923.7,0,0
701,PAYMENT,3322.34,C192227299,19724.54,16402.2,M257912515,8189.88,11512.22,0,0
702,CASH_OUT,1306.28,C633044576,38658.9,37352.62,C241083727,40121.48,41427.76,0,0
702,TRANSFER,4477.11,C999442022,83493.61,79016.5,C509439116,4230.97,8708.08,0,0
702,PAYMENT,814.0,C902760719,23363.95,22549.95,M282706881,59581.54,60395.54,0,0
702,CASH_OUT,20446.64,C595496805,29355.66,8909.02,C443675846,48863.33,69309.97,0,0
702,PAYMENT,468.22,C139076412,5448.68,4980.46,M426873029,64852.93,65321.15,0,0
703,CASH_OUT,33375.35,C630049347,37552.76,4177.41,C559446034,40864.64,74239.99,0,0
703,CASH_IN,5191.9,C943370208,21572.31,26764.21,C469865880,17468.24,22660.14,0,0
703,PAYMENT,1850.54,C389003968,16606.36,14755.82,M461226720,22026.37,23876.91,0,0
703,PAYMENT,4393.95,C599446234,20541.33,16147.38,M251233310,40.06,4434.01,0,0
703,PAYMENT,6496.26,C415785813,25219.13,18722.87,M502217616,12911.21,19407.47,0,0
704,PAYMENT,1421.07,C601175956,17845.95,16424.88,M946164467,12212.85,13633.92,0,0
704,TRANSFER,12886.84,C969099680,14522.1,1635.26,C125188819,53270.07,66156.91,0,0
704,PAYMENT,3780.74,C357733239,10093.69,6312.95,M830308367,11570.4,15351.14,0,0
704,CASH_OUT,32519.11,C798358849,59427.01,26907.9,C924228192,2265.08,34784.19,0,0
705,TRANSFER,6725.75,C258857092,10966.41,4240.66,C311090720,39077.41,45803.16,0,0
705,TRANSFER,5885.79,C599249778,44423.57,38537.78,C675607534,34557.46,40443.25,0,0
705,PAYMENT,475.0,C182067115,51179.59,50704.59,M108582299,21782.27,22257.27,0,0
705,TRANSFER,14109.73,C345272778,28794.73,14685.0,C598337619,16095.65,30205.38,0,0
706,PAYMENT,2409.17,C237149387,9782.74,7373.57,M901312983,50917.44,53326.61,0,0
706,CASH_OUT,4771.54,C842281536,6919.84,2148.3,C256082309,32594.27,37365.81,0,0
706,PAYMENT,1492.16,C962760903,27345.92,25853.76,M107297881,3004.28,4496.44,0,0
706,TRANSFER,10455.95,C173747648,44570.59,34114.64,C275350889,4708.84,15164.79,0,0
707,CASH_OUT,12674.6,C907933382,23295.77,10621.17,C956965670,3724.03,16398.63,0,0
707,CASH_OUT,11656.26,C397660599,19906.02,8249.76,C698610233,59343.05,70999.31,0,0
707,CASH_OUT,1839.07,C863136385,30080.02,28240.95,C958151611,39513.31,41352.38,0,0
707,TRANSFER,34270.91,C789766158,40376.43,6105.52,C175885374,32218.88,66489.79,0,0
708,CASH_OUT,29882.86,C950416526,69931.73,40048.87,C481278278,9664.36,39547.22,0,0
708,PAYMENT,920.82,C190940458,6706.27,5785.45,M821419233,9662.44,10583.26,0,0
708,PAYMENT,1153.68,C568154743,12816.36,11662.68,M410456609,10643.69,11797.37,0,0
708,CASH_OUT,34095.56,C412868163,42164.92,8069.36,C129159511,34107.66,68203.22,0,0
709,CASH_OUT,5409.74,C347829773,46730.12,41320.38,C728633367,1063.4,6473.14,0,0
709,DEBIT,13206.12,C674594839,28017.52,14811.4,C561587663,51881.28,65087.4,0,0
709,PAYMENT,1007.49,C110074698,40968.85,39961.36,M640145984,9253.72,10261.21,0,0
709,CASH_OUT,743.84,C303552809,9412.18,8668.34,C626808358,19603.31,20347.15,0,0
710,CASH_OUT,73142.65,C328544349,87998.75,14856.1,C245505695,28093.85,101236.5,1,0
710,CASH_OUT,16764.44,C572632572,49859.27,33094.83,C553247031,8728.35,25492.79,0,0
710,CASH_OUT,21020.79,C326635144,31451.99,10431.2,C653861427,47639.08,68659.87,0,0
710,CASH_OUT,5162.53,C758305191,13449.74,8287.21,C793492067,17238.78,22401.31,0,0
711,PAYMENT,519.34,C809129928,3863.19,3343.85,M154021286,30549.72,31069.06,0,0
711,PAYMENT,1996.73,C195638400,45575.94,43579.21,M492135439,54923.01,56919.74,0,0
711,CASH_OUT,1036.85,C485053401,31927.04,30890.19,C422425023,435.98,1472.83,0,0
711,TRANSFER,29754.03,C147301994,83951.6,54197.57,C117636027,10562.61,40316.64,0,0
712,CASH_OUT,43675.67,C694995964,49115.12,5439.45,C116450961,69696.68,113372.35,0,0
712,PAYMENT,460.55,C698269474,40047.96,39587.41,M401451803,16209.6,16670.15,0,0
712,CASH_IN,17552.74,C778150584,43367.42,60920.16,C418149307,3031.14,20583.88,0,0
713,CASH_OUT,3371.23,C854109402,39634.58,36263.35,C957203992,21234.22,24605.45,0,0
713,CASH_IN,5570.88,C521712096,9051.98,14622.86,C230803504,4480.07,10050.95,0,0
713,PAYMENT,4822.79,C356820665,78670.24,73847.45,M768970332,6608.57,11431.36,0,0
714,PAYMENT,1115.84,C615503131,33984.61,32868.77,M148701012,1278.77,2394.61,0,0
714,CASH_OUT,25158.74,C164521316,37240.09,12081.35,C773954533,113390.98,138549.72,0,0
714,PAYMENT,1415.59,C113458496,19685.64,18270.05,M324719124,8019.31,9434.9,0,0
714,TRANSFER,23099.11,C336624251,62691.81,39592.7,C921260833,20769.09,43868.2,0,0
714,TRANSFER,6573.5,C737711424,8826.83,2253.33,C636684371,29147.47,35720.97,0,0
715,PAYMENT,9879.99,C907135852,11943.79,2063.8,M369915631,18706.84,28586.83,0,0
715,PAYMENT,451.43,C252099132,11808.2,11356.77,M594900191,40197.46,40648.89,0,0
715,CASH_OUT,8835.21,C378491852,16444.87,7609.66,C459506836,37179.96,46015.17,0,0
715,PAYMENT,138.71,C347116335,13107.78,12969.07,M295611667,3506.88,3645.59,0,0
715,PAYMENT,8187.06,C519245442,32929.73,24742.67,M570311704,16455.37,24642.43,0,0
716,CASH_IN,22560.07,C357376605,26954.13,49514.2,C362442113,6005.26,28565.33,0,0
716,CASH_OUT,8287.94,C542142001,10152.4,1864.46,C879727279,17911.71,26199.65,0,0
716,CASH_IN,35668.88,C702531986,44803.13,80472.01,C772287857,24131.86,59800.74,0,0
716,PAYMENT,10428.14,C492352593,14081.38,3653.24,M807592980,3228.68,13656.82,0,0
717,TRANSFER,6529.39,C814188329,13946.77,7417.38,C475598750,17706.98,24236.37,0,0
717,TRANSFER,29473.43,C879495279,39231.87,9758.44,C881334126,29265.36,58738.79,0,0
717,CASH_OUT,2201.68,C649578570,28798.33,26596.65,C135084764,120942.58,123144.26,0,0
717,CASH_OUT,7437.51,C627551832,70728.42,63290.91,C782923797,2022.45,9459.96,0,0
718,PAYMENT,3867.24,C871596097,11184.4,7317.16,M378967000,4130.42,7997.66,0,0
718,PAYMENT,1773.27,C470690463,10090.34,8317.07,M615401812,48435.56,50208.83,0,0
718,TRANSFER,3713.49,C180591527,28073.27,24359.78,C920792415,756.08,4469.57,0,0
719,PAYMENT,1264.44,C929769865,1362.37,97.93,M548631165,68981.47,70245.91,0,0
719,PAYMENT,5635.17,C784434762,17980.48,12345.31,M142885569,57755.39,63390.56,0,0
719,CASH_IN,7757.09,C579472670,40628.14,48385.23,C728079925,91.58,7848.67,0,0
720,TRANSFER,4414.95,C567471047,5185.29,770.34,C957153554,25776.39,30191.34,0,0
720,PAYMENT,261.3,C322968720,32566.81,32305.51,M203436515,11837.39,12098.69,0,0
720,CASH_IN,1583.57,C961418634,53930.63,55514.2,C350042335,26135.43,27719.0,0,0
720,TRANSFER,21601.16,C790777754,36752.79,15151.63,C840137987,2602.74,24203.9,0,0
721,CASH_IN,1245.17,C382989395,43294.84,44540.01,C531694259,19930.97,21176.14,0,0
721,CASH_OUT,7724.76,C950706508,33326.23,25601.47,C236544072,49489.93,57214.69,0,0
721,CASH_OUT,11249.02,C652996114,12347.83,1098.81,C782576697,14750.86,25999.88,0,0
721,PAYMENT,2627.27,C130877053,10049.53,7422.26,M670067521,41778.54,44405.81,0,0
722,TRANSFER,570.85,C384854623,7431.03,6860.18,C410910094,53476.62,54047.47,0,0
722,PAYMENT,3822.89,C274236303,31768.15,27945.26,M186422127,16050.58,19873.47,0,0
722,TRANSFER,606.83,C690738003,9527.1,8920.27,C398063115,19454.86,20061.69,0,0
723,PAYMENT,1510.49,C234604082,9195.64,7685.15,M138404656,86818.3,88328.79,0,0
723,CASH_IN,31180.99,C643159805,54688.81,85869.8,C838003547,58282.15,89463.14,0,0
723,CASH_IN,8524.91,C954396915,10097.77,18622.68,C582694414,21513.36,30038.27,0,0
724,TRANSFER,12365.2,C819280284,39985.14,27619.94,C899065674,43995.61,56360.81,0,0
724,CASH_OUT,1093.79,C137331605,16477.41,15383.62,C933776705,68265.85,69359.64,0,0
724,DEBIT,28228.23,C647210372,39451.25,11223.02,C328527446,15905.28,44133.51,0,0
724,PAYMENT,194.68,C324210236,5702.18,5507.5,M945691507,6859.24,7053.92,0,0
725,PAYMENT,6898.23,C817417832,19060.59,12162.36,M763534062,30583.91,37482.14,0,0
725,DEBIT,4544.54,C902181914,14496.08,9951.54,C792993592,11499.47,16044.01,0,0
725,CASH_OUT,7845.34,C244115170,43989.51,36144.17,C512782862,2669.49,10514.83,0,0
725,CASH_OUT,4789.76,C340113785,8438.53,3648.77,C166564424,23327.12,28116.88,0,0
726,TRANSFER,30609.05,C437310619,32131.68,1522.63,C755163404,56150.9,86759.95,0,0
726,PAYMENT,4141.43,C567086386,35609.58,31468.15,M356552337,23146.1,27287.53,0,0
726,TRANSFER,1113.41,C673297056,1171.73,58.32,C602016195,236.61,1350.02,0,0
726,DEBIT,5004.41,C472665320,17114.99,12110.58,C684689661,49772.95,54777.36,0,0
726,CASH_IN,86705.26,C261886436,126455.5,213160.76,C760068335,7731.88,94437.14,0,0
727,TRANSFER,16078.86,C884996657,70035.34,53956.48,C746869117,12074.54,28153.4,0,0
727,CASH_OUT,808.26,C681944528,14161.07,13352.81,C981272064,52645.14,53453.4,0,0
727,TRANSFER,40361.17,C614308529,84117.38,43756.21,C197899016,15179.94,55541.11,0,0
728,CASH_IN,36757.19,C165172686,51446.18,88203.37,C930260623,28259.83,65017.02,0,0
728,CASH_OUT,2606.43,C477171342,3304.43,698.0,C533607862,17207.28,19813.71,0,0
728,PAYMENT,706.07,C157593159,12034.15,11328.08,M594125552,24399.19,25105.26,0,0
728,PAYMENT,2201.67,C350290499,19266.82,17065.15,M884368960,25361.69,27563.36,0,0
729,CASH_OUT,635.59,C164882335,11080.83,10445.24,C133547455,15407.62,16043.21,0,0
729,PAYMENT,200.51,C761400151,15053.76,14853.25,M487094252,8317.01,8517.52,0,0
729,PAYMENT,15760.84,C125788031,39138.06,23377.22,M843990323,3398.43,19159.27,0,0
730,CASH_OUT,27579.21,C762412718,32979.54,5400.33,C287522257,55124.89,82704.1,0,0
730,PAYMENT,774.68,C587057225,5019.01,4244.33,M997751979,9376.11,10150.79,0,0
730,TRANSFER,16864.16,C664727279,86626.39,69762.23,C220462857,32182.88,49047.04,0,0
730,PAYMENT,433.12,C921530062,3883.37,3450.25,M909177386,38741.15,39174.27,0,0
731,PAYMENT,3638.55,C586489878,51241.52,47602.97,M408797531,3266.43,6904.98,0,0
731,TRANSFER,32236.94,C454048217,45392.34,13155.4,C787296953,1826.65,34063.59,0,0
731,PAYMENT,1276.94,C110029521,7921.25,6644.31,M938044522,15444.91,16721.85,0,0
731,CASH_OUT,3154.34,C820517866,43480.7,40326.36,C121813333,24604.82,27759.16,0,0
731,CASH_OUT,2524.99,C770886690,5369.49,2844.5,C940853634,37255.06,39780.05,0,0
732,CASH_IN,19592.32,C706452831,24537.44,44129.76,C116379767,14631.55,34223.87,0,0
732,CASH_OUT,22543.42,C231115988,66729.08,44185.66,C546502112,7879.71,30423.13,0,0
732,DEBIT,11457.25,C261999432,28853.44,17396.19,C376742387,32723.07,44180.32,0,0
732,TRANSFER,15382.16,C909635762,40217.16,24835.0,C956042486,1334.13,16716.29,0,0
733,TRANSFER,5065.63,C391416362,48643.19,43577.56,C765556220,11884.35,16949.98,0,0
733,CASH_OUT,2027.48,C187779703,14207.26,12179.78,C755420653,12678.04,14705.52,0,0
733,PAYMENT,12061.47,C229209916,19622.51,7561.04,M678735084,16613.88,28675.35,0,0
733,TRANSFER,10061.9,C658020600,13193.4,3131.5,C854985729,7351.48,17413.38,0,0
733,CASH_IN,2299.55,C121186229,30638.61,32938.16,C131890577,41488.09,43787.64,0,0
734,TRANSFER,2607.56,C883590919,8767.68,6160.12,C169394226,33135.63,35743.19,0,0
734,CASH_OUT,31690.15,C583652941,81011.85,49321.7,C455358309,8680.45,40370.6,0,0
734,TRANSFER,9160.13,C671937054,20066.17,10906.04,C144288210,71861.39,81021.52,0,0
734,CASH_IN,31354.77,C139141671,69873.13,101227.9,C406052204,38039.73,69394.5,0,0
734,PAYMENT,440.9,C906185203,668.85,227.95,M534495248,19886.94,20327.84,0,0
735,TRANSFER,60813.84,C723136085,66328.62,5514.78,C122257499,48602.67,109416.51,1,0
735,CASH_IN,2248.31,C500178679,13258.98,15507.29,C947946797,233.85,2482.16,0,0
735,TRANSFER,1207.46,C691023290,9474.0,8266.54,C288454216,16034.51,17241.97,0,0
735,CASH_OUT,30965.61,C115807704,42350.56,11384.95,C795361977,42790.62,73756.23,0,0
735,CASH_IN,2413.41,C939282455,9109.22,11522.63,C237151089,1205.11,3618.52,0,0
736,TRANSFER,11997.74,C368064631,19783.17,7785.43,C826385728,14505.36,26503.1,0,0
736,DEBIT,40262.48,C403494217,50311.2,10048.72,C651571850,7326.78,47589.26,0,0
736,CASH_IN,61635.78,C935285132,92440.47,154076.25,C851520276,9854.95,71490.73,0,0
736,DEBIT,8383.84,C340050743,35703.12,27319.28,C429737941,2075.14,10458.98,0,0
736,PAYMENT,1882.37,C550950574,47081.34,45198.97,M940262271,3371.25,5253.62,0,0
737,PAYMENT,190.56,C636908273,21759.1,21568.54,M408085449,14122.56,14313.12,0,0
737,CASH_OUT,74089.51,C401989925,75124.97,1035.46,C783048736,2761.08,76850.59,0,0
737,CASH_IN,11745.63,C117480861,50589.7,62335.33,C421423144,65664.48,77410.11,0,0
737,CASH_IN,12639.34,C434981119,28494.55,41133.89,C490928651,1660.25,14299.59,0,0
738,PAYMENT,11586.56,C757933970,24954.4,13367.84,M780839216,11318.68,22905.24,0,0
738,CASH_OUT,2572.33,C284362349,8995.87,6423.54,C874453179,54676.01,57248.34,0,0
738,PAYMENT,7450.73,C304314680,20529.97,13079.24,M456457090,12870.57,20321.3,0,0
739,CASH_IN,11717.06,C160184714,20723.69,32440.75,C328840271,1717.82,13434.88,0,0
739,CASH_IN,1101.27,C615060449,12795.59,13896.86,C765321053,74357.21,75458.48,0,0
739,PAYMENT,2378.42,C971304764,7038.35,4659.93,M755717851,41970.62,44349.04,0,0
740,PAYMENT,4119.96,C520292619,21162.43,17042.47,M912344538,6059.56,10179.52,0,0
740,CASH_IN,43257.72,C446640188,51944.55,95202.27,C179426740,6666.21,49923.93,0,0
740,PAYMENT,1037.97,C244383646,4116.25,3078.28,M762437622,17786.95,18824.92,0,0
740,DEBIT,6957.21,C154014444,9700.77,2743.56,C850882832,3278.98,10236.19,0,0
741,TRANSFER,18895.45,C343447578,26884.75,7989.3,C918792562,1077.92,19973.37,0,0
741,TRANSFER,12294.12,C426389624,40875.2,28581.08,C823446681,104874.75,117168.87,0,0
741,CASH_IN,3792.99,C978293495,10077.19,13870.18,C638431033,26588.66,30381.65,0,0
741,TRANSFER,3745.27,C762058580,17339.92,13594.65,C629171621,21635.77,25381.04,0,0
742,PAYMENT,3653.22,C672385643,10731.3,7078.08,M182304617,13727.88,17381.1,0,0
742,PAYMENT,1015.61,C217299394,10028.01,9012.4,M802692823,7224.98,8240.59,0,0
742,CASH_OUT,17774.35,C850703207,47870.91,30096.56,C107903797,46024.75,63799.1,0,0
743,CASH_OUT,6404.94,C722208461,80891.64,74486.7,C506900512,8430.88,14835.82,0,0
743,TRANSFER,16241.5,C886707119,49483.42,33241.92,C206074108,19227.94,35469.44,0,0
743,PAYMENT,290.76,C652245072,45373.11,45082.35,M797925394,28960.99,29251.75,0,0
743,PAYMENT,303.55,C746584075,17295.25,16991.7,M918686558,12959.67,13263.22,0,0
744,CASH_OUT,11297.6,C854691254,12774.41,1476.81,C455340503,2344.59,13642.19,0,0
744,TRANSFER,7096.03,C422701844,14368.24,7272.21,C169298432,29111.6,36207.63,0,0
744,CASH_IN,5825.78,C468982315,8295.83,14121.61,C928860016,23944.36,29770.14,0,0
